ステーション名,住所,車種
タイムズステーション川崎２Ｆ,神奈川県川崎市川崎区駅前本町14,MAZDA3 5HB 1500
タイムズステーション川崎２Ｆ,神奈川県川崎市川崎区駅前本町14,ヤリス（ハイブリッド）
タイムズステーション川崎９Ｆ,神奈川県川崎市川崎区駅前本町14-2,N BOX
タイムズステーション川崎９Ｆ,神奈川県川崎市川崎区駅前本町14-2,ハスラー
タイムズステーション川崎９Ｆ,神奈川県川崎市川崎区駅前本町14-2,デミオ（1500cc）
タイムズステーション川崎９Ｆ,神奈川県川崎市川崎区駅前本町14-2,ノート
タイムズステーション川崎９Ｆ,神奈川県川崎市川崎区駅前本町14-2,ソリオ
タイムズステーション川崎９Ｆ,神奈川県川崎市川崎区駅前本町14-2,スイフト
タイムズステーション川崎９Ｆ,神奈川県川崎市川崎区駅前本町14-2,MAZDA2
タイムズステーション川崎９Ｆ,神奈川県川崎市川崎区駅前本町14-2,ライズ
タイムズステーション川崎９Ｆ,神奈川県川崎市川崎区駅前本町14-2,シエンタ
タイムズステーション川崎９Ｆ,神奈川県川崎市川崎区駅前本町14-2,フリード
タイムズステーション川崎９Ｆ,神奈川県川崎市川崎区駅前本町14-2,プリウス（ハイブリッド）
タイムズステーション川崎９Ｆ,神奈川県川崎市川崎区駅前本町14-2,C-HR（ハイブリッド）
タイムズステーション川崎９Ｆ,神奈川県川崎市川崎区駅前本町14-2,セレナ
タイムズステーション川崎９Ｆ,神奈川県川崎市川崎区駅前本町14-2,ノア
タイムズチネピット,神奈川県川崎市川崎区小川町5,デミオ（1500cc）
タイムズチネピット,神奈川県川崎市川崎区小川町5,ノート
タイムズチネピット,神奈川県川崎市川崎区小川町5,ヤリスクロス（ハイブリッド）
タイムズチネピット,神奈川県川崎市川崎区小川町5,シエンタ
タイムズチネピット,神奈川県川崎市川崎区小川町5,フリード
タイムズチネピット,神奈川県川崎市川崎区小川町5,C-HR（ハイブリッド）
タイムズ京急川崎駅前,神奈川県川崎市川崎区駅前本町21,ソリオ
タイムズ京急川崎駅前,神奈川県川崎市川崎区駅前本町21,シエンタ
タイムズ京急川崎駅前,神奈川県川崎市川崎区駅前本町21,セレナ
タイムズ吉兆川崎中央店,神奈川県川崎市川崎区南町19,デミオ（1500cc）
タイムズ吉兆川崎中央店,神奈川県川崎市川崎区南町19,フリード
タイムズ川崎南幸町,神奈川県川崎市川崎区南幸町3-56,ノート e-POWER
タイムズ川崎南幸町,神奈川県川崎市川崎区南幸町3-56,シエンタ
タイムズ川崎南幸町,神奈川県川崎市川崎区南幸町3-56,フリード
タイムズ川崎南幸町第６,神奈川県川崎市川崎区幸町3,ノート e-POWER
タイムズ川崎南幸町第６,神奈川県川崎市川崎区幸町3,シエンタ
タイムズ川崎南幸町第６,神奈川県川崎市川崎区幸町3,フリード
タイムズ川崎堀之内町第４,神奈川県川崎市川崎区堀之内町9-18,フィット
タイムズ川崎堀之内町第４,神奈川県川崎市川崎区堀之内町9-18,スイフト
タイムズ川崎堀之内町第４,神奈川県川崎市川崎区堀之内町9-18,シエンタ
タイムズ川崎堀之内町第４,神奈川県川崎市川崎区堀之内町9-18,フリード
タイムズ川崎境町,神奈川県川崎市川崎区境町15,ライズ
タイムズ川崎境町第２,神奈川県川崎市川崎区境町11,ノート
タイムズ川崎境町第２,神奈川県川崎市川崎区境町11,シエンタ
タイムズ川崎境町第３,神奈川県川崎市川崎区境町15,ライズ
タイムズ川崎境町第３,神奈川県川崎市川崎区境町15,シエンタ
タイムズ川崎境町第３,神奈川県川崎市川崎区境町15,C-HR（ハイブリッド）
タイムズ川崎大師駅前,神奈川県川崎市川崎区大師駅前2-11,ヴィッツ
タイムズ川崎大師駅前,神奈川県川崎市川崎区大師駅前2-11,ライズ
タイムズ川崎大師駅前,神奈川県川崎市川崎区大師駅前2-11,シエンタ
タイムズ川崎大師駅前,神奈川県川崎市川崎区大師駅前2-11,セレナ
タイムズ川崎宮本町第２,神奈川県川崎市川崎区宮本町4-3,フィット
タイムズ川崎宮本町第２,神奈川県川崎市川崎区宮本町4-3,スイフト
タイムズ川崎宮本町第２,神奈川県川崎市川崎区宮本町4-3,シエンタ
タイムズ川崎宮本町第２,神奈川県川崎市川崎区宮本町4-3,フリード
タイムズ川崎本町第７,神奈川県川崎市川崎区本町2-11,ライズ
タイムズ川崎貝塚第５,神奈川県川崎市川崎区貝塚1-13,MAZDA2
タイムズ川崎貝塚第７,神奈川県川崎市川崎区貝塚1-6,ライズ
タイムズ川崎駅前本町,神奈川県川崎市川崎区駅前本町20,フィット
タイムズ川崎駅前本町,神奈川県川崎市川崎区駅前本町20,スイフト
タイムズ川崎駅前本町,神奈川県川崎市川崎区駅前本町20,シエンタ
タイムズ川崎駅前本町,神奈川県川崎市川崎区駅前本町20,フリード
タイムズ川崎駅前本町,神奈川県川崎市川崎区駅前本町20,ノア
タイムズ川崎駅前本町第２,神奈川県川崎市川崎区駅前本町17,フィット
タイムズ川崎駅前本町第２,神奈川県川崎市川崎区駅前本町17,スイフト
タイムズ川崎駅前本町第２,神奈川県川崎市川崎区駅前本町17,シエンタ
タイムズ川崎駅前本町第２,神奈川県川崎市川崎区駅前本町17,フリード
ロジポート川崎ベイ南駐車場,神奈川県川崎市川崎区東扇島 7-1,ソリオ
タイムズ川崎南幸町第５,神奈川県川崎市幸区南幸町3-123,ノート e-POWER
タイムズ川崎南幸町第５,神奈川県川崎市幸区南幸町3-123,シエンタ
タイムズ川崎南幸町第５,神奈川県川崎市幸区南幸町3-123,フリード
タイムズ川崎幸町第２,神奈川県川崎市幸区幸町2-637,フィット
タイムズ川崎幸町第２,神奈川県川崎市幸区幸町2-637,スイフト
タイムズ川崎幸町第２,神奈川県川崎市幸区幸町2-637,シエンタ
タイムズ川崎幸町第２,神奈川県川崎市幸区幸町2-637,フリード
タイムズ川崎柳町第４,神奈川県川崎市幸区柳町10,ノート e-POWER
タイムズ川崎柳町第４,神奈川県川崎市幸区柳町10,シエンタ
タイムズ川崎柳町第４,神奈川県川崎市幸区柳町10,フリード
タイムズポート上小田中（ゲート外）,神奈川県川崎市中原区上小田中6-6,ライズ
タイムズ上小田中６丁目,神奈川県川崎市中原区上小田中6-27,フィット
タイムズ上小田中６丁目,神奈川県川崎市中原区上小田中6-27,MAZDA3 5HB 1500
タイムズ上小田中６丁目,神奈川県川崎市中原区上小田中6-27,ヤリス（ハイブリッド）
タイムズ上小田中６丁目,神奈川県川崎市中原区上小田中6-27,ノア
タイムズ元住吉第６,神奈川県川崎市中原区木月1-26,ヤリス（ハイブリッド）
タイムズ元住吉第９,神奈川県川崎市中原区木月1-10,ウェイク
タイムズ元住吉駅前第４,神奈川県川崎市中原区木月2-8,ソリオ
タイムズ元住吉駅前第５,神奈川県川崎市中原区木月1-23,MAZDA3 5HB 1500
タイムズ元住吉駅前第５,神奈川県川崎市中原区木月1-23,シエンタ
タイムズ元住吉駅前第６,神奈川県川崎市中原区木月2-9,ノート e-POWER
タイムズ元住吉駅前第６,神奈川県川崎市中原区木月2-9,ライズ
タイムズ元住吉駅前第６,神奈川県川崎市中原区木月2-9,MAZDA3 5HB 1500
タイムズ元住吉駅前第６,神奈川県川崎市中原区木月2-9,ヤリス（ハイブリッド）
タイムズ元住吉駅前第６,神奈川県川崎市中原区木月2-9,シエンタ
タイムズ元住吉駅前第８,神奈川県川崎市中原区木月2-9,ウェイク
タイムズ元住吉駅前第８,神奈川県川崎市中原区木月2-9,ノート
タイムズ元住吉駅前第８,神奈川県川崎市中原区木月2-9,ソリオ
タイムズ元住吉駅前第８,神奈川県川崎市中原区木月2-9,フリード
タイムズ小杉御殿町第２,神奈川県川崎市中原区小杉御殿町2-147,ヤリス（ハイブリッド）
タイムズ新丸子町第２,神奈川県川崎市中原区新丸子町690,ライズ
タイムズ新丸子町第２,神奈川県川崎市中原区新丸子町690,シエンタ
タイムズ新丸子町第２,神奈川県川崎市中原区新丸子町690,フリード
タイムズ新丸子町第６,神奈川県川崎市中原区新丸子町972,ノート e-POWER
タイムズ新丸子町第６,神奈川県川崎市中原区新丸子町972,MAZDA2
タイムズ新丸子町第６,神奈川県川崎市中原区新丸子町972,ライズ
タイムズ新丸子町第６,神奈川県川崎市中原区新丸子町972,シエンタ
タイムズ新丸子町第６,神奈川県川崎市中原区新丸子町972,フリード
タイムズ新丸子町第６,神奈川県川崎市中原区新丸子町972,ノア
タイムズ武蔵中原駅前,神奈川県川崎市中原区下小田中2-4,ノート
タイムズ武蔵中原駅前,神奈川県川崎市中原区下小田中2-4,ライズ
タイムズ武蔵中原駅前,神奈川県川崎市中原区下小田中2-4,ヤリス（ハイブリッド）
タイムズ武蔵小杉駅前地下,神奈川県川崎市中原区小杉町3-1301,フィット
タイムズ武蔵小杉駅前地下,神奈川県川崎市中原区小杉町3-1301,スイフト
タイムズ武蔵小杉駅前地下,神奈川県川崎市中原区小杉町3-1301,ノート e-POWER
タイムズ武蔵小杉駅前地下,神奈川県川崎市中原区小杉町3-1301,MAZDA2
ナイスシティアリーナ武蔵小杉,神奈川県川崎市中原区中丸子35,ヤリスクロス（ハイブリッド）
ナイスシティアリーナ武蔵小杉,神奈川県川崎市中原区中丸子35,フリード
ナイスシティアリーナ武蔵小杉,神奈川県川崎市中原区中丸子35,C-HR（ハイブリッド）
ナイスシティアリーナ武蔵小杉,神奈川県川崎市中原区中丸子35,ノア
タイムズ久本３丁目第２,神奈川県川崎市高津区久本3-2,ヤリス（ハイブリッド）
タイムズ久本３丁目第２,神奈川県川崎市高津区久本3-2,ヤリスクロス（ハイブリッド）
タイムズ久本３丁目第２,神奈川県川崎市高津区久本3-2,フリード
タイムズ久本３丁目第２,神奈川県川崎市高津区久本3-2,C-HR（ハイブリッド）
タイムズ久本３丁目第２,神奈川県川崎市高津区久本3-2,CX-30 2000
タイムズ久本３丁目第２,神奈川県川崎市高津区久本3-2,ヴォクシー
タイムズ久本３丁目第２,神奈川県川崎市高津区久本3-2,ノア
タイムズ溝口駅前,神奈川県川崎市高津区溝口2-11,ハスラー
タイムズ溝口駅前,神奈川県川崎市高津区溝口2-11,ウェイク
タイムズ溝口駅前,神奈川県川崎市高津区溝口2-11,アクア（ハイブリッド）
タイムズ溝口駅前,神奈川県川崎市高津区溝口2-11,フリード
タイムズ溝口駅前,神奈川県川崎市高津区溝口2-11,C-HR（ハイブリッド）
タイムズ溝口駅前,神奈川県川崎市高津区溝口2-11,CX-30 2000
タイムズ溝口駅前,神奈川県川崎市高津区溝口2-11,ヴォクシー
タイムズ溝口駅前,神奈川県川崎市高津区溝口2-11,ノア
タイムズ溝口駅前第４,神奈川県川崎市高津区溝口2-10,アクア（ハイブリッド）
タイムズ溝口駅前第４,神奈川県川崎市高津区溝口2-10,ヤリス（ハイブリッド）
タイムズ溝口駅前第４,神奈川県川崎市高津区溝口2-10,シエンタ
タイムズ溝口駅前第４,神奈川県川崎市高津区溝口2-10,ノア
タイムズ溝口駅前第５,神奈川県川崎市高津区溝口2-11,ノート e-POWER
タイムズ溝口駅前第５,神奈川県川崎市高津区溝口2-11,ライズ
タイムズ溝口駅前第５,神奈川県川崎市高津区溝口2-11,ヤリス（ハイブリッド）
タイムズ溝口駅前第５,神奈川県川崎市高津区溝口2-11,ヤリスクロス（ハイブリッド）
タイムズ溝口駅前第５,神奈川県川崎市高津区溝口2-11,フリード
タイムズ溝口駅前第５,神奈川県川崎市高津区溝口2-11,C-HR（ハイブリッド）
タイムズ溝口駅前第５,神奈川県川崎市高津区溝口2-11,CX-30 2000
タイムズ溝口駅前第５,神奈川県川崎市高津区溝口2-11,ヴォクシー
タイムズ溝口駅前第５,神奈川県川崎市高津区溝口2-11,ノア
タイムズ溝口５丁目,神奈川県川崎市高津区溝口5-16,フィット
タイムズ溝口５丁目,神奈川県川崎市高津区溝口5-16,ノート e-POWER
タイムズ溝口５丁目,神奈川県川崎市高津区溝口5-16,ライズ
タイムズ溝口５丁目,神奈川県川崎市高津区溝口5-16,ヤリス（ハイブリッド）
タイムズ溝口５丁目,神奈川県川崎市高津区溝口5-16,フリード
タイムズ溝口５丁目,神奈川県川崎市高津区溝口5-16,C-HR（ハイブリッド）
タイムズ溝口５丁目,神奈川県川崎市高津区溝口5-16,CX-30 2000
タイムズ溝口５丁目,神奈川県川崎市高津区溝口5-16,ヴォクシー
タイムズ溝口５丁目,神奈川県川崎市高津区溝口5-16,ノア
タイムズ溝口５丁目第２,神奈川県川崎市高津区溝口5-16,ノート e-POWER
タイムズ溝口５丁目第２,神奈川県川崎市高津区溝口5-16,MAZDA2
タイムズ溝口５丁目第２,神奈川県川崎市高津区溝口5-16,ライズ
タイムズ溝口５丁目第２,神奈川県川崎市高津区溝口5-16,アクア（ハイブリッド）
タイムズ溝口５丁目第２,神奈川県川崎市高津区溝口5-16,フリード
タイムズ溝口５丁目第２,神奈川県川崎市高津区溝口5-16,C-HR（ハイブリッド）
タイムズ溝口５丁目第２,神奈川県川崎市高津区溝口5-16,CX-30 2000
タイムズ溝口５丁目第２,神奈川県川崎市高津区溝口5-16,ヴォクシー
タイムズ溝口５丁目第２,神奈川県川崎市高津区溝口5-16,ノア
タイムズ高津交差点前,神奈川県川崎市高津区溝口4-6,デミオ（1300cc）
タイムズ高津交差点前,神奈川県川崎市高津区溝口4-6,フィット
タイムズ高津交差点前,神奈川県川崎市高津区溝口4-6,フリード
タイムズ高津交差点前,神奈川県川崎市高津区溝口4-6,C-HR（ハイブリッド）
タイムズ高津交差点前,神奈川県川崎市高津区溝口4-6,CX-30 2000
タイムズ高津交差点前,神奈川県川崎市高津区溝口4-6,ヴォクシー
タイムズ高津交差点前,神奈川県川崎市高津区溝口4-6,ノア
タイムズ高津交差点前第２,神奈川県川崎市高津区溝口3-14,ノート
タイムズ高津交差点前第２,神奈川県川崎市高津区溝口3-14,スイフト
タイムズ高津交差点前第２,神奈川県川崎市高津区溝口3-14,ヤリス（ハイブリッド）
タイムズ高津交差点前第２,神奈川県川崎市高津区溝口3-14,フリード
タイムズ高津交差点前第２,神奈川県川崎市高津区溝口3-14,C-HR（ハイブリッド）
タイムズ高津交差点前第２,神奈川県川崎市高津区溝口3-14,CX-30 2000
タイムズ高津交差点前第２,神奈川県川崎市高津区溝口3-14,ヴォクシー
タイムズ高津交差点前第２,神奈川県川崎市高津区溝口3-14,ノア
持田駐車場,神奈川県川崎市高津区久本3-1,ノート
持田駐車場,神奈川県川崎市高津区久本3-1,ヴィッツ
持田駐車場,神奈川県川崎市高津区久本3-1,ライズ
持田駐車場,神奈川県川崎市高津区久本3-1,アクア（ハイブリッド）
持田駐車場,神奈川県川崎市高津区久本3-1,ヤリス（ハイブリッド）
持田駐車場,神奈川県川崎市高津区久本3-1,シエンタ
持田駐車場,神奈川県川崎市高津区久本3-1,フリード
持田駐車場,神奈川県川崎市高津区久本3-1,C-HR（ハイブリッド）
持田駐車場,神奈川県川崎市高津区久本3-1,CX-30 2000
持田駐車場,神奈川県川崎市高津区久本3-1,ヴォクシー
持田駐車場,神奈川県川崎市高津区久本3-1,ノア
津田山,神奈川県川崎市高津区下作延5-28,N BOX
津田山,神奈川県川崎市高津区下作延5-28,ノート
津田山,神奈川県川崎市高津区下作延5-28,MAZDA2
津田山,神奈川県川崎市高津区下作延5-28,ライズ
津田山,神奈川県川崎市高津区下作延5-28,MAZDA3 5HB 1500
津田山,神奈川県川崎市高津区下作延5-28,フリード
津田山,神奈川県川崎市高津区下作延5-28,C-HR（ハイブリッド）
津田山,神奈川県川崎市高津区下作延5-28,CX-30 2000
津田山,神奈川県川崎市高津区下作延5-28,ヴォクシー
津田山,神奈川県川崎市高津区下作延5-28,ノア
タイムズ宿河原第３,神奈川県川崎市多摩区宿河原3-11,ソリオ
タイムズ宿河原第３,神奈川県川崎市多摩区宿河原3-11,ノート e-POWER
タイムズ宿河原第３,神奈川県川崎市多摩区宿河原3-11,ライズ
タイムズ宿河原第３,神奈川県川崎市多摩区宿河原3-11,ヤリス（ハイブリッド）
タイムズ宿河原第３,神奈川県川崎市多摩区宿河原3-11,ヤリスクロス（ハイブリッド）
タイムズ宿河原第３,神奈川県川崎市多摩区宿河原3-11,シエンタ
タイムズ宿河原第３,神奈川県川崎市多摩区宿河原3-11,フリード
タイムズ宿河原第３,神奈川県川崎市多摩区宿河原3-11,セレナ
タイムズ宿河原第３,神奈川県川崎市多摩区宿河原3-11,ノア
タイムズ東生田,神奈川県川崎市多摩区東生田1-13,ソリオ
タイムズ東生田,神奈川県川崎市多摩区東生田1-13,フィット
タイムズ東生田,神奈川県川崎市多摩区東生田1-13,ノート e-POWER
タイムズ東生田,神奈川県川崎市多摩区東生田1-13,ヤリス（ハイブリッド）
タイムズ東生田,神奈川県川崎市多摩区東生田1-13,ヤリスクロス（ハイブリッド）
タイムズ東生田,神奈川県川崎市多摩区東生田1-13,シエンタ
タイムズ東生田,神奈川県川崎市多摩区東生田1-13,フリード
タイムズ東生田,神奈川県川崎市多摩区東生田1-13,セレナ
タイムズ東生田,神奈川県川崎市多摩区東生田1-13,ノア
タイムズ東生田第２,神奈川県川崎市多摩区東生田2-2,ソリオ
タイムズ東生田第２,神奈川県川崎市多摩区東生田2-2,フィット
タイムズ東生田第２,神奈川県川崎市多摩区東生田2-2,ノート e-POWER
タイムズ東生田第２,神奈川県川崎市多摩区東生田2-2,ライズ
タイムズ東生田第２,神奈川県川崎市多摩区東生田2-2,ヤリス（ハイブリッド）
タイムズ東生田第２,神奈川県川崎市多摩区東生田2-2,ヤリスクロス（ハイブリッド）
タイムズ東生田第２,神奈川県川崎市多摩区東生田2-2,シエンタ
タイムズ東生田第２,神奈川県川崎市多摩区東生田2-2,フリード
タイムズ東生田第２,神奈川県川崎市多摩区東生田2-2,セレナ
タイムズ東生田第２,神奈川県川崎市多摩区東生田2-2,ノア
タイムズ登戸新町,神奈川県川崎市多摩区登戸新町,ソリオ
タイムズ登戸新町,神奈川県川崎市多摩区登戸新町,ノート e-POWER
タイムズ登戸新町,神奈川県川崎市多摩区登戸新町,ライズ
タイムズ登戸新町,神奈川県川崎市多摩区登戸新町,ヤリス（ハイブリッド）
タイムズ登戸新町,神奈川県川崎市多摩区登戸新町,ヤリスクロス（ハイブリッド）
タイムズ登戸新町,神奈川県川崎市多摩区登戸新町,シエンタ
タイムズ登戸新町,神奈川県川崎市多摩区登戸新町,フリード
タイムズ登戸新町,神奈川県川崎市多摩区登戸新町,セレナ
タイムズ登戸新町,神奈川県川崎市多摩区登戸新町,ノア
タイムズ登戸新町第２,神奈川県川崎市多摩区登戸新町　371,MAZDA2
タイムズ登戸新町第４,神奈川県川崎市多摩区登戸新町　397,ライズ
タイムズ登戸第５,神奈川県川崎市多摩区登戸,ソリオ
タイムズ登戸第５,神奈川県川崎市多摩区登戸,ノート e-POWER
タイムズ登戸第５,神奈川県川崎市多摩区登戸,ライズ
タイムズ登戸第５,神奈川県川崎市多摩区登戸,ヤリス（ハイブリッド）
タイムズ登戸第５,神奈川県川崎市多摩区登戸,ヤリスクロス（ハイブリッド）
タイムズ登戸第５,神奈川県川崎市多摩区登戸,シエンタ
タイムズ登戸第５,神奈川県川崎市多摩区登戸,フリード
タイムズ登戸第５,神奈川県川崎市多摩区登戸,セレナ
タイムズ登戸第５,神奈川県川崎市多摩区登戸,ノア
登戸あずまや駐車場,神奈川県川崎市多摩区登戸 3317,ソリオ
登戸あずまや駐車場,神奈川県川崎市多摩区登戸 3317,ノート e-POWER
登戸あずまや駐車場,神奈川県川崎市多摩区登戸 3317,ヤリス（ハイブリッド）
登戸あずまや駐車場,神奈川県川崎市多摩区登戸 3317,ヤリスクロス（ハイブリッド）
登戸あずまや駐車場,神奈川県川崎市多摩区登戸 3317,シエンタ
登戸あずまや駐車場,神奈川県川崎市多摩区登戸 3317,フリード
登戸あずまや駐車場,神奈川県川崎市多摩区登戸 3317,セレナ
登戸あずまや駐車場,神奈川県川崎市多摩区登戸 3317,ノア
登戸駅前第２月極駐車場,神奈川県川崎市多摩区登戸　2460,ソリオ
登戸駅前第２月極駐車場,神奈川県川崎市多摩区登戸　2460,ノート e-POWER
登戸駅前第２月極駐車場,神奈川県川崎市多摩区登戸　2460,MAZDA2
登戸駅前第２月極駐車場,神奈川県川崎市多摩区登戸　2460,ライズ
登戸駅前第２月極駐車場,神奈川県川崎市多摩区登戸　2460,ヤリス（ハイブリッド）
登戸駅前第２月極駐車場,神奈川県川崎市多摩区登戸　2460,ヤリスクロス（ハイブリッド）
登戸駅前第２月極駐車場,神奈川県川崎市多摩区登戸　2460,シエンタ
登戸駅前第２月極駐車場,神奈川県川崎市多摩区登戸　2460,フリード
登戸駅前第２月極駐車場,神奈川県川崎市多摩区登戸　2460,セレナ
登戸駅前第２月極駐車場,神奈川県川崎市多摩区登戸　2460,ノア
登戸駅西,神奈川県川崎市多摩区登戸2183,ソリオ
登戸駅西,神奈川県川崎市多摩区登戸2183,ノート e-POWER
登戸駅西,神奈川県川崎市多摩区登戸2183,ライズ
登戸駅西,神奈川県川崎市多摩区登戸2183,ヤリス（ハイブリッド）
登戸駅西,神奈川県川崎市多摩区登戸2183,ヤリスクロス（ハイブリッド）
登戸駅西,神奈川県川崎市多摩区登戸2183,シエンタ
登戸駅西,神奈川県川崎市多摩区登戸2183,フリード
登戸駅西,神奈川県川崎市多摩区登戸2183,セレナ
登戸駅西,神奈川県川崎市多摩区登戸2183,ノア
タイムズマンスリー鷺沼小台１丁目第２,神奈川県川崎市宮前区小台1-18,ウェイク
タイムズマンスリー鷺沼小台１丁目第２,神奈川県川崎市宮前区小台1-18,ノート
タイムズマンスリー鷺沼小台１丁目第２,神奈川県川崎市宮前区小台1-18,ノート e-POWER
タイムズマンスリー鷺沼小台１丁目第２,神奈川県川崎市宮前区小台1-18,MAZDA2
タイムズマンスリー鷺沼小台１丁目第２,神奈川県川崎市宮前区小台1-18,ライズ
タイムズマンスリー鷺沼小台１丁目第２,神奈川県川崎市宮前区小台1-18,ヤリス（ハイブリッド）
タイムズマンスリー鷺沼小台１丁目第２,神奈川県川崎市宮前区小台1-18,ヤリスクロス（ハイブリッド）
タイムズマンスリー鷺沼小台１丁目第２,神奈川県川崎市宮前区小台1-18,シエンタ
タイムズマンスリー鷺沼小台１丁目第２,神奈川県川崎市宮前区小台1-18,セレナ
タイムズマンスリー鷺沼小台１丁目第２,神奈川県川崎市宮前区小台1-18,ノア
タイムズ宮前小台,神奈川県川崎市宮前区小台2-17,ノート
タイムズ宮前小台,神奈川県川崎市宮前区小台2-17,ソリオ
タイムズ宮前小台,神奈川県川崎市宮前区小台2-17,フィット
タイムズ宮前小台,神奈川県川崎市宮前区小台2-17,ノート e-POWER
タイムズ宮前小台,神奈川県川崎市宮前区小台2-17,MAZDA2
タイムズ宮前小台,神奈川県川崎市宮前区小台2-17,ライズ
タイムズ宮前小台,神奈川県川崎市宮前区小台2-17,ヤリス（ハイブリッド）
タイムズ宮前小台,神奈川県川崎市宮前区小台2-17,ヤリスクロス（ハイブリッド）
タイムズ宮前小台,神奈川県川崎市宮前区小台2-17,シエンタ
タイムズ宮前小台,神奈川県川崎市宮前区小台2-17,セレナ
タイムズ宮前小台,神奈川県川崎市宮前区小台2-17,ノア
タイムズ宮前平第３,神奈川県川崎市宮前区宮前平1-8,ノート
タイムズ宮前平第３,神奈川県川崎市宮前区宮前平1-8,ノート e-POWER
タイムズ宮前平第３,神奈川県川崎市宮前区宮前平1-8,MAZDA2
タイムズ宮前平第３,神奈川県川崎市宮前区宮前平1-8,ライズ
タイムズ宮前平第３,神奈川県川崎市宮前区宮前平1-8,ヤリス（ハイブリッド）
タイムズ宮前平第３,神奈川県川崎市宮前区宮前平1-8,ヤリスクロス（ハイブリッド）
タイムズ宮前平第３,神奈川県川崎市宮前区宮前平1-8,シエンタ
タイムズ宮前平第３,神奈川県川崎市宮前区宮前平1-8,フリード
タイムズ宮前平第３,神奈川県川崎市宮前区宮前平1-8,C-HR（ハイブリッド）
タイムズ宮前平第３,神奈川県川崎市宮前区宮前平1-8,セレナ
タイムズ宮前平第３,神奈川県川崎市宮前区宮前平1-8,ノア
タイムズ宮前平第４,神奈川県川崎市宮前区小台2-4,ノート
タイムズ宮前平第４,神奈川県川崎市宮前区小台2-4,ノート e-POWER
タイムズ宮前平第４,神奈川県川崎市宮前区小台2-4,MAZDA2
タイムズ宮前平第４,神奈川県川崎市宮前区小台2-4,ヤリス（ハイブリッド）
タイムズ宮前平第４,神奈川県川崎市宮前区小台2-4,ヤリスクロス（ハイブリッド）
タイムズ宮前平第４,神奈川県川崎市宮前区小台2-4,シエンタ
タイムズ宮前平第４,神奈川県川崎市宮前区小台2-4,セレナ
タイムズ宮前平第４,神奈川県川崎市宮前区小台2-4,ノア
タイムズ宮前平駅前第５,神奈川県川崎市宮前区小台2,フィット
タイムズ宮崎台第２月極,神奈川県川崎市宮前区宮崎 285,MAZDA2
タイムズ宮崎台第２月極,神奈川県川崎市宮前区宮崎 285,シエンタ
タイムズ宮崎台第２月極,神奈川県川崎市宮前区宮崎 285,セレナ
タイムズ宮崎台第２月極,神奈川県川崎市宮前区宮崎 285,ノア
タイムズ鷺沼サンモール商店街,神奈川県川崎市宮前区小台1-19,ウェイク
タイムズ鷺沼サンモール商店街,神奈川県川崎市宮前区小台1-19,フィット
タイムズ鷺沼第３,神奈川県川崎市宮前区土橋3-3,ウェイク
尾幡宮崎台駐車場,神奈川県川崎市宮前区宮崎279,ノート
尾幡宮崎台駐車場,神奈川県川崎市宮前区宮崎279,ノート e-POWER
尾幡宮崎台駐車場,神奈川県川崎市宮前区宮崎279,MAZDA2
尾幡宮崎台駐車場,神奈川県川崎市宮前区宮崎279,ヤリス（ハイブリッド）
尾幡宮崎台駐車場,神奈川県川崎市宮前区宮崎279,ヤリスクロス（ハイブリッド）
尾幡宮崎台駐車場,神奈川県川崎市宮前区宮崎279,シエンタ
尾幡宮崎台駐車場,神奈川県川崎市宮前区宮崎279,セレナ
尾幡宮崎台駐車場,神奈川県川崎市宮前区宮崎279,ノア
馬絹月極駐車場,神奈川県川崎市宮前区馬絹1-6,ノート
馬絹月極駐車場,神奈川県川崎市宮前区馬絹1-6,ノート e-POWER
馬絹月極駐車場,神奈川県川崎市宮前区馬絹1-6,MAZDA2
馬絹月極駐車場,神奈川県川崎市宮前区馬絹1-6,アクア（ハイブリッド）
馬絹月極駐車場,神奈川県川崎市宮前区馬絹1-6,ヤリス（ハイブリッド）
馬絹月極駐車場,神奈川県川崎市宮前区馬絹1-6,ヤリスクロス（ハイブリッド）
馬絹月極駐車場,神奈川県川崎市宮前区馬絹1-6,シエンタ
馬絹月極駐車場,神奈川県川崎市宮前区馬絹1-6,セレナ
馬絹月極駐車場,神奈川県川崎市宮前区馬絹1-6,ノア
タイムズ農住ビルアーシス,神奈川県川崎市麻生区万福寺1-2,ライズ
ポート新百合ケ丘駅前（月極）,神奈川県川崎市麻生区万福寺1-13,アクア（ハイブリッド）
ポート新百合ケ丘駅前（月極）,神奈川県川崎市麻生区万福寺1-13,ヤリス（ハイブリッド）
