ステーション名,住所,車種
タイムズステーション川崎（２Ｆ）,神奈川県川崎市川崎区駅前本町14,ヤリス（ハイブリッド）
タイムズステーション川崎（３Ｆ）,神奈川県川崎市川崎区駅前本町14,ヤリス（ハイブリッド）
タイムズステーション川崎（９Ｆ・１０Ｆ）,神奈川県川崎市川崎区駅前本町14-2,ルークス
タイムズステーション川崎（９Ｆ・１０Ｆ）,神奈川県川崎市川崎区駅前本町14-2,MAZDA2
タイムズステーション川崎（９Ｆ・１０Ｆ）,神奈川県川崎市川崎区駅前本町14-2,ノート e-POWER
タイムズステーション川崎（９Ｆ・１０Ｆ）,神奈川県川崎市川崎区駅前本町14-2,アクア（ハイブリッド）
タイムズステーション川崎（９Ｆ・１０Ｆ）,神奈川県川崎市川崎区駅前本町14-2,フィット（ハイブリッド）
タイムズステーション川崎（９Ｆ・１０Ｆ）,神奈川県川崎市川崎区駅前本町14-2,ヤリスクロス（ハイブリッド）
タイムズステーション川崎（９Ｆ・１０Ｆ）,神奈川県川崎市川崎区駅前本町14-2,シエンタ
タイムズステーション川崎（９Ｆ・１０Ｆ）,神奈川県川崎市川崎区駅前本町14-2,フリード
タイムズステーション川崎（９Ｆ・１０Ｆ）,神奈川県川崎市川崎区駅前本町14-2,シエンタ（ハイブリッド）
タイムズステーション川崎（９Ｆ・１０Ｆ）,神奈川県川崎市川崎区駅前本町14-2,C-HR（ハイブリッド）
タイムズステーション川崎（９Ｆ・１０Ｆ）,神奈川県川崎市川崎区駅前本町14-2,CX-30 2000（M-ハイブリッド）
タイムズステーション川崎（９Ｆ・１０Ｆ）,神奈川県川崎市川崎区駅前本町14-2,セレナ
タイムズステーション川崎（９Ｆ・１０Ｆ）,神奈川県川崎市川崎区駅前本町14-2,ノア（ハイブリッド）
タイムズ武蔵小杉駅前地下,神奈川県川崎市中原区小杉町3-1301,ヤリス（ハイブリッド）
タイムズマンスリー溝口５丁目,神奈川県川崎市高津区溝口5-16,ヤリス（ハイブリッド）
タイムズマンスリー溝口５丁目,神奈川県川崎市高津区溝口5-16,アクア（ハイブリッド）
タイムズマンスリー溝口５丁目,神奈川県川崎市高津区溝口5-16,ヤリスクロス（ハイブリッド）
タイムズマンスリー溝口５丁目,神奈川県川崎市高津区溝口5-16,ノア（ハイブリッド）
タイムズ久本３丁目第２,神奈川県川崎市高津区久本3-2,MAZDA2
タイムズ久本３丁目第２,神奈川県川崎市高津区久本3-2,ヤリス（ハイブリッド）
タイムズ久本３丁目第２,神奈川県川崎市高津区久本3-2,スイフト(ハイブリッド/1200cc)
タイムズ久本３丁目第２,神奈川県川崎市高津区久本3-2,フリード
タイムズ久本３丁目第２,神奈川県川崎市高津区久本3-2,セレナ
タイムズ溝口駅前第４,神奈川県川崎市高津区溝口2-10,MAZDA2
タイムズ溝口駅前第４,神奈川県川崎市高津区溝口2-10,ヤリス（ハイブリッド）
タイムズ溝口駅前第４,神奈川県川崎市高津区溝口2-10,MAZDA3 5HB 1500
タイムズ溝口駅前第５,神奈川県川崎市高津区溝口2-11,ルーミー 1000
タイムズ溝口駅前第５,神奈川県川崎市高津区溝口2-11,ヤリス（ハイブリッド）
タイムズ溝口駅前第５,神奈川県川崎市高津区溝口2-11,アクア（ハイブリッド）
タイムズ溝口駅前第５,神奈川県川崎市高津区溝口2-11,オーラ e-POWER
持田駐車場,神奈川県川崎市高津区久本3-1,ライズ
持田駐車場,神奈川県川崎市高津区久本3-1,ソリオ
持田駐車場,神奈川県川崎市高津区久本3-1,MAZDA2
持田駐車場,神奈川県川崎市高津区久本3-1,ノート e-POWER
持田駐車場,神奈川県川崎市高津区久本3-1,ヤリス（ハイブリッド）
持田駐車場,神奈川県川崎市高津区久本3-1,アクア（ハイブリッド）
持田駐車場,神奈川県川崎市高津区久本3-1,ヤリスクロス（ハイブリッド）
持田駐車場,神奈川県川崎市高津区久本3-1,CX-30 2000
持田駐車場,神奈川県川崎市高津区久本3-1,CX-30 2000（M-ハイブリッド）
持田駐車場,神奈川県川崎市高津区久本3-1,セレナ
津田山,神奈川県川崎市高津区下作延5-28,スイフト(ハイブリッド/1200cc)
津田山,神奈川県川崎市高津区下作延5-28,ヤリスクロス（ハイブリッド）
