ステーション名,住所,クラス,車種,コメント
アトレ川崎,神奈川県川崎市川崎区駅前本町26,ベーシック,ヤリス（ハイブリッド）,MXPH10型/MXPH15型（2021年-2023年）
アトレ川崎,神奈川県川崎市川崎区駅前本町26,ミドル,C-HR（ハイブリッド）,
アルコード川崎,神奈川県川崎市川崎区宮本町 8-9,ベーシック,ソリオ,
サンクレール川崎,神奈川県川崎市川崎区本町1-9,ベーシック,ルークス,
サンクレール川崎,神奈川県川崎市川崎区本町1-9,ベーシック,ワゴンRスマイル 660,
セジョリ川崎,神奈川県川崎市川崎区榎町6,ベーシック,ノート e-POWER,
タイムズコーナン川崎小田栄店,神奈川県川崎市川崎区小田栄2-3,ベーシック,ライズ,A200A型（2019年-2021年）
タイムズステーション川崎（ＥＶ）,神奈川県川崎市川崎区駅前本町14,ミドル,リーフ,ジュニアシートなし
タイムズ小川町第１０,神奈川県川崎市川崎区小川町,ベーシック,スイフト(ハイブリッド/1200cc),
タイムズ小川町第１０,神奈川県川崎市川崎区小川町,ミドル,C-HR（ハイブリッド）,
タイムズ小川町第５,神奈川県川崎市川崎区小川町13-35,ベーシック,MAZDA3 5HB 1500,
タイムズ小川町第５,神奈川県川崎市川崎区小川町13-35,ミドル,シエンタ,NSP170G型/NCP175G型（2015年-2022年）
タイムズ川崎アゼリア,神奈川県川崎市川崎区駅前本町26,ベーシック,アクア（ハイブリッド）,
タイムズ川崎アゼリア,神奈川県川崎市川崎区駅前本町26,ベーシック,ノート e-POWER,ジュニアシートなし
タイムズ川崎アゼリア,神奈川県川崎市川崎区駅前本町26,ベーシック,ヤリス（ハイブリッド）,
タイムズ川崎アゼリア,神奈川県川崎市川崎区駅前本町26,ベーシック,ヤリスクロス（ハイブリッド）,
タイムズ川崎アゼリア,神奈川県川崎市川崎区駅前本町26,ミドル,シエンタ（ハイブリッド）,
タイムズ川崎アゼリア,神奈川県川崎市川崎区駅前本町26,ミドル,シエンタ（ハイブリッド）,ジュニアシートなし
タイムズ川崎アゼリア,神奈川県川崎市川崎区駅前本町26,プレミアム,アルファード（ハイブリッド）,車両のトラブル、事故、無断延長などでご利用いただけない場合、同一車種での代替車両がご提供できません。あらかじめご了承ください。ジュニアシートなし
タイムズ川崎アゼリア,神奈川県川崎市川崎区駅前本町26,プレミアム,ノア（ハイブリッド）,車両のトラブル、事故、無断延長などでご利用いただけない場合、同一車種での代替車両がご提供できません。あらかじめご了承ください。
タイムズ川崎アゼリア（ＥＶ）,神奈川県川崎市川崎区駅前本町26,ミドル,リーフ,ジュニアシートなし
タイムズ川崎アゼリア（ＥＶ）,神奈川県川崎市川崎区駅前本町26,プレミアム,bZ4X,車両のトラブル、事故、無断延長などでご利用いただけない場合、同一車種での代替車両がご提供できません。あらかじめご了承ください。ジュニアシートなし
タイムズ川崎京町第２,神奈川県川崎市川崎区京町1-2,ベーシック,ノート e-POWER,
タイムズ川崎京町第２,神奈川県川崎市川崎区京町1-2,ベーシック,ヤリス（ハイブリッド）,MXPH10型/MXPH15型（2021年-2023年）
タイムズ川崎元木第４,神奈川県川崎市川崎区元木2-6,ベーシック,アクア（ハイブリッド）,
タイムズ川崎南町第２,神奈川県川崎市川崎区南町18,ベーシック,ハスラー,
タイムズ川崎南町第５,神奈川県川崎市川崎区南町20,ベーシック,ノート e-POWER,ジュニアシートなし
タイムズ川崎南町第７,神奈川県川崎市川崎区南町20,ベーシック,MAZDA2,DJ型（2019年-2023年）
タイムズ川崎堀之内町第４,神奈川県川崎市川崎区堀之内町9,ベーシック,ヤリス（ハイブリッド）,MXPH10型/MXPH15型（2021年-2023年）
タイムズ川崎堀之内町第４,神奈川県川崎市川崎区堀之内町9,ベーシック,ライズ（ハイブリッド）,
タイムズ川崎大島第１１,神奈川県川崎市川崎区大島3-18,ベーシック,ヤリスクロス（ハイブリッド）,
タイムズ川崎大島第１３,神奈川県川崎市川崎区大島5-31,ベーシック,ノート e-POWER,ジュニアシートなし
タイムズ川崎大師駅前,神奈川県川崎市川崎区大師駅前2-11,ベーシック,ハスラー,
タイムズ川崎大師駅前,神奈川県川崎市川崎区大師駅前2-11,ベーシック,アクア（ハイブリッド）,
タイムズ川崎大師駅前,神奈川県川崎市川崎区大師駅前2-11,ベーシック,ライズ,A200A型（2019年-2021年）
タイムズ川崎大師駅前,神奈川県川崎市川崎区大師駅前2-11,ミドル,シエンタ,NSP170G型/NCP175G型（2015年-2022年）
タイムズ川崎大師駅前,神奈川県川崎市川崎区大師駅前2-11,プレミアム,ノア,R80型（2014年-2022年） 車両のトラブル、事故、無断延長などでご利用いただけない場合、同一車種での代替車両がご提供できません。あらかじめご了承ください。
タイムズ川崎宮本町第２,神奈川県川崎市川崎区宮本町4,ベーシック,MAZDA2,ジュニアシートなし
タイムズ川崎宮本町第２,神奈川県川崎市川崎区宮本町4,ベーシック,MAZDA3 5HB 1500,
タイムズ川崎宮本町第２,神奈川県川崎市川崎区宮本町4,ミドル,CX-30 2000（M-ハイブリッド）,ジュニアシートなし
タイムズ川崎小田栄第２,神奈川県川崎市川崎区小田栄2-13,ベーシック,ヤリス（ハイブリッド）,MXPH10型/MXPH15型（2021年-2023年）
タイムズ川崎小田４丁目,神奈川県川崎市川崎区小田4-21,ベーシック,ソリオ,
タイムズ川崎本町第６,神奈川県川崎市川崎区本町1-10,ベーシック,ノート e-POWER,ジュニアシートなし
タイムズ川崎本町第６,神奈川県川崎市川崎区本町1-10,ベーシック,フィット,
タイムズ川崎本町第７,神奈川県川崎市川崎区本町2-11,ベーシック,ヤリス（ハイブリッド）,MXPH10型/MXPH15型（2021年-2023年）
タイムズ川崎殿町１丁目第２,神奈川県川崎市川崎区殿町1-22,ベーシック,フィット,
タイムズ川崎殿町１丁目第２,神奈川県川崎市川崎区殿町1-22,ベーシック,ヤリス（ハイブリッド）,MXPH10型/MXPH15型（2021年-2023年）
タイムズ川崎殿町１丁目第２,神奈川県川崎市川崎区殿町1-22,ベーシック,MAZDA3 5HB 1500,
タイムズ川崎殿町１丁目第２,神奈川県川崎市川崎区殿町1-22,ミドル,フリード,
タイムズ川崎池田２丁目,神奈川県川崎市川崎区池田2-2,ベーシック,ノート e-POWER,
タイムズ川崎池田２丁目,神奈川県川崎市川崎区池田2-2,ベーシック,フィット,
タイムズ川崎池田２丁目,神奈川県川崎市川崎区池田2-2,ベーシック,ルーミー 1000,
タイムズ川崎池田２丁目,神奈川県川崎市川崎区池田2-2,ベーシック,ヤリスクロス（ハイブリッド）,
タイムズ川崎池田２丁目,神奈川県川崎市川崎区池田2-2,ベーシック,ライズ,A200A型（2019年-2021年）
タイムズ川崎池田２丁目,神奈川県川崎市川崎区池田2-2,ベーシック,ライズ,A200A型（2019年-2021年）
タイムズ川崎池田２丁目,神奈川県川崎市川崎区池田2-2,ミドル,CX-5 2000,
タイムズ川崎池田２丁目,神奈川県川崎市川崎区池田2-2,ミドル,C-HR（ハイブリッド）,
タイムズ川崎池田２丁目,神奈川県川崎市川崎区池田2-2,ミドル,C-HR（ハイブリッド）,
タイムズ川崎浜町第３,神奈川県川崎市川崎区浜町1-8,ベーシック,ノート e-POWER,ジュニアシートなし
タイムズ川崎浜町第３,神奈川県川崎市川崎区浜町1-8,ベーシック,フィット,
タイムズ川崎浜町第３,神奈川県川崎市川崎区浜町1-8,ミドル,シエンタ（ハイブリッド）,ジュニアシートなし
タイムズ川崎浜町第４,神奈川県川崎市川崎区浜町2-19,ベーシック,ライズ,A200A型（2019年-2021年）
タイムズ川崎渡田,神奈川県川崎市川崎区渡田1-7,ベーシック,ヤリス（ハイブリッド）,MXPH10型/MXPH15型（2021年-2023年）
タイムズ川崎藤崎４丁目,神奈川県川崎市川崎区藤崎4-18,ベーシック,アクア（ハイブリッド）,
タイムズ川崎藤崎４丁目,神奈川県川崎市川崎区藤崎4-18,ミドル,フリード,
タイムズ川崎貝塚第４,神奈川県川崎市川崎区貝塚2-12,ベーシック,ヤリス（ハイブリッド）,MXPH10型/MXPH15型（2021年-2023年）
タイムズ川崎貝塚第４,神奈川県川崎市川崎区貝塚2-12,ベーシック,MAZDA3 5HB 1500,
タイムズ川崎貝塚第５,神奈川県川崎市川崎区貝塚1-13,ベーシック,ヤリス（ハイブリッド）,MXPH10型/MXPH15型（2021年-2023年）
タイムズ川崎貝塚第７,神奈川県川崎市川崎区貝塚1-6,ベーシック,ヤリス（ハイブリッド）,MXPH10型/MXPH15型（2021年-2023年）
タイムズ川崎鋼管通,神奈川県川崎市川崎区鋼管通2-2,ベーシック,ヤリス（ハイブリッド）,MXPH10型/MXPH15型（2021年-2023年）
タイムズ川崎鋼管通１丁目第３,神奈川県川崎市川崎区鋼管通1-3,ベーシック,ルーミー 1000,
タイムズ川崎駅前本町,神奈川県川崎市川崎区駅前本町20,ベーシック,アクア（ハイブリッド）,
タイムズ川崎駅前本町,神奈川県川崎市川崎区駅前本町20,ベーシック,ソリオ,
タイムズ川崎駅前本町第２,神奈川県川崎市川崎区駅前本町17,ベーシック,アクア（ハイブリッド）,ジュニアシートなし
タイムズ川崎駅前本町第２,神奈川県川崎市川崎区駅前本町17,ベーシック,ソリオ,
タイムズ日本鋼管病院第２,神奈川県川崎市川崎区鋼管通1-2,ベーシック,アクア（ハイブリッド）,NHP10型（2011年-2021年）
タイムズ日本鋼管病院第２,神奈川県川崎市川崎区鋼管通1-2,ベーシック,ヤリス（ハイブリッド）,MXPH10型/MXPH15型（2021年-2023年）
タイムズ日本鋼管病院第３,神奈川県川崎市川崎区鋼管通1-2,ミドル,CX-30 2000（M-ハイブリッド）,
タイムズ日枝大神社前ステーション,神奈川県川崎市川崎区小田1-20,ベーシック,ヤリス（ハイブリッド）,MXPH10型/MXPH15型（2021年-2023年）
タイムズ日進町第２,神奈川県川崎市川崎区日進町15,ベーシック,ヤリス（ハイブリッド）,MXPH10型/MXPH15型（2021年-2023年）
タイムズ浅田第２,神奈川県川崎市川崎区浅田3-15,ベーシック,ソリオ,
タイムズ浅田第５,神奈川県川崎市川崎区浅田4-4,ベーシック,ソリオ,
タイムズ鋼管通１丁目第４,神奈川県川崎市川崎区鋼管通1-18,ベーシック,ライズ（ハイブリッド）,
ドミール川崎,神奈川県川崎市川崎区日進町13-5,ベーシック,ハスラー,
ドミール川崎,神奈川県川崎市川崎区日進町13-5,ベーシック,ルークス,
ドミール川崎,神奈川県川崎市川崎区日進町13-5,ベーシック,ワゴンRスマイル 660,
ドールマウスキャッスル,神奈川県川崎市川崎区本町2-7,ベーシック,MAZDA2,DJ型（2019年-2023年）
ドールマウスキャッスル,神奈川県川崎市川崎区本町2-7,ベーシック,ノート e-POWER,
パレス日ノ出町,神奈川県川崎市川崎区日ノ出1-17,ベーシック,ソリオ,ジュニアシートなし
ラ・プリマベーラ川崎,神奈川県川崎市川崎区貝塚2-16,ベーシック,ヤリスクロス（ハイブリッド）,
ラ・プリマベーラ川崎,神奈川県川崎市川崎区貝塚2-16,ミドル,C-HR（ハイブリッド）,
レクシオ川崎富士見,神奈川県川崎市川崎区富士見2-2,ベーシック,ヤリス（ハイブリッド）,MXPH10型/MXPH15型（2021年-2023年）
元木１丁目駐車場,神奈川県川崎市川崎区元木1-2,ベーシック,ソリオ,
元木１丁目駐車場,神奈川県川崎市川崎区元木1-2,ベーシック,ノート e-POWER,
大師河原２丁目駐車場,神奈川県川崎市川崎区大師河原2-4,ベーシック,ハスラー,
大師河原２丁目駐車場,神奈川県川崎市川崎区大師河原2-4,ベーシック,ワゴンRスマイル 660,ジュニアシートなし
宮前町３丁目月極,神奈川県川崎市川崎区宮前町3-5,ベーシック,ライズ,A200A型（2019年-2021年）
小田栄駅月極,神奈川県川崎市川崎区小田栄1-8,ベーシック,アクア（ハイブリッド）,
小田栄駅月極,神奈川県川崎市川崎区小田栄1-8,ベーシック,スイフト,
小田栄１丁目,神奈川県川崎市川崎区小田栄1-11,ベーシック,フィット,
小田栄１丁目,神奈川県川崎市川崎区小田栄1-11,ベーシック,ライズ,A200A型（2019年-2021年）
小田５丁目,神奈川県川崎市川崎区小田5-8,ベーシック,アクア（ハイブリッド）,
川崎区伊勢町,神奈川県川崎市川崎区伊勢町13,ベーシック,アクア（ハイブリッド）,
川崎区宮前町１１,神奈川県川崎市川崎区宮前町11,ベーシック,ヤリス（ハイブリッド）,MXPH10型/MXPH15型（2021年-2023年）
川崎区旭町１丁目,神奈川県川崎市川崎区旭町1-1,ベーシック,フィット,
川崎区旭町１丁目１２番,神奈川県川崎市川崎区旭町1-12,ベーシック,ヤリス（ハイブリッド）,
川崎境町月極,神奈川県川崎市川崎区境町11,ベーシック,MAZDA2,DJ型（2019年-2023年）
川崎境町月極,神奈川県川崎市川崎区境町11,ベーシック,MAZDA2,DJ型（2019年-2023年）
川崎境町月極,神奈川県川崎市川崎区境町11,ベーシック,アクア（ハイブリッド）,
川崎境町月極,神奈川県川崎市川崎区境町11,ベーシック,ヤリス（ハイブリッド）,MXPH10型/MXPH15型（2021年-2023年）
川崎境町月極,神奈川県川崎市川崎区境町11,ベーシック,ライズ,A200A型（2019年-2021年）
川崎境町月極,神奈川県川崎市川崎区境町11,ベーシック,ライズ,A200A型（2019年-2021年）
川崎境町月極,神奈川県川崎市川崎区境町11,ミドル,CX-5 2000,
川崎大島３丁目月極駐車場,神奈川県川崎市川崎区大島3-34,ベーシック,ノート e-POWER,
川崎大島３丁目月極駐車場,神奈川県川崎市川崎区大島3-34,ベーシック,ヤリス（ハイブリッド）,MXPH10型/MXPH15型（2021年-2023年）
川崎大島３丁目月極駐車場,神奈川県川崎市川崎区大島3-34,ベーシック,ヤリスクロス（ハイブリッド）,
川崎大島３丁目月極駐車場,神奈川県川崎市川崎区大島3-34,ベーシック,ライズ,A200A型（2019年-2021年）
川崎大島３丁目月極駐車場,神奈川県川崎市川崎区大島3-34,ミドル,フリード,ジュニアシートなし
川崎大島５丁目月極駐車場,神奈川県川崎市川崎区大島5-19,ベーシック,スイフト,
川崎大師駅前第１駐車場,神奈川県川崎市川崎区大師駅前1-3,ベーシック,ノート e-POWER,
川崎大師駅前第１駐車場,神奈川県川崎市川崎区大師駅前1-3,ベーシック,ノート e-POWER,
川崎大師駅前第１駐車場,神奈川県川崎市川崎区大師駅前1-3,ベーシック,ノート e-POWER,
川崎大師駅前第１駐車場,神奈川県川崎市川崎区大師駅前1-3,ベーシック,MAZDA3 5HB 1500,
川崎大師駅前第１駐車場,神奈川県川崎市川崎区大師駅前1-3,ベーシック,ヤリスクロス（ハイブリッド）,
川崎大師駅前第１駐車場,神奈川県川崎市川崎区大師駅前1-3,ベーシック,ライズ,A200A型（2019年-2021年）
川崎大師駅前第１駐車場,神奈川県川崎市川崎区大師駅前1-3,ベーシック,ライズ,A200A型（2019年-2021年）
川崎大師駅前第１駐車場,神奈川県川崎市川崎区大師駅前1-3,ベーシック,ライズ,A200A型（2019年-2021年）
川崎大師駅前第１駐車場,神奈川県川崎市川崎区大師駅前1-3,ベーシック,ライズ,A200A型（2019年-2021年）
川崎大師駅前第１駐車場,神奈川県川崎市川崎区大師駅前1-3,ミドル,フリード,
川崎大師駅前第３駐車場,神奈川県川崎市川崎区大師駅前1-2,ベーシック,ヤリス（ハイブリッド）,MXPH10型/MXPH15型（2021年-2023年）
川崎小田１丁目月極,神奈川県川崎市川崎区小田1-17,ベーシック,N BOX,
川崎小田１丁目月極,神奈川県川崎市川崎区小田1-17,ベーシック,ヤリス（ハイブリッド）,ジュニアシートなし
川崎新川通月極,神奈川県川崎市川崎区新川通1,ベーシック,N BOX,
川崎新町駅前月極,神奈川県川崎市川崎区渡田新町3-15,ベーシック,アクア（ハイブリッド）,
川崎新町駅前月極,神奈川県川崎市川崎区渡田新町3-15,ベーシック,ノート e-POWER,
川崎新町駅前月極,神奈川県川崎市川崎区渡田新町3-15,ベーシック,ライズ,A200A型（2019年-2021年）
川崎日ノ出１丁目月極,神奈川県川崎市川崎区日ノ出1-4,ベーシック,MAZDA2,DJ型（2019年-2023年）
川崎日ノ出１丁目月極,神奈川県川崎市川崎区日ノ出1-4,ベーシック,ヤリス（ハイブリッド）,MXPH10型/MXPH15型（2021年-2023年）
川崎旭町月極,神奈川県川崎市川崎区旭町2-7,ベーシック,アクア（ハイブリッド）,
川崎旭町月極,神奈川県川崎市川崎区旭町2-7,ベーシック,ソリオ,ジュニアシートなし
川崎旭町月極,神奈川県川崎市川崎区旭町2-7,ベーシック,ノート e-POWER,
川崎旭町月極,神奈川県川崎市川崎区旭町2-7,ベーシック,ライズ,A200A型（2019年-2021年）
川崎旭町月極,神奈川県川崎市川崎区旭町2-7,ベーシック,ライズ,A200A型（2019年-2021年）
川崎渡田２丁目,神奈川県川崎市川崎区渡田2-4,ベーシック,MAZDA2,DJ型（2019年-2023年）
川崎渡田２丁目,神奈川県川崎市川崎区渡田2-4,ベーシック,ノート e-POWER,
川崎渡田２丁目,神奈川県川崎市川崎区渡田2-4,ベーシック,ヤリスクロス（ハイブリッド）,
川崎渡田２丁目,神奈川県川崎市川崎区渡田2-4,ミドル,シエンタ,NSP170G型/NCP175G型（2015年-2022年） ジュニアシートなし
川崎藤崎２丁目,神奈川県川崎市川崎区藤崎2-18,ベーシック,ノート e-POWER,
川崎藤崎２丁目,神奈川県川崎市川崎区藤崎2-18,ベーシック,ヤリス（ハイブリッド）,MXPH10型/MXPH15型（2021年-2023年）
川崎観音２丁目月極,神奈川県川崎市川崎区観音2-12,ベーシック,ノート e-POWER,
川崎観音２丁目月極,神奈川県川崎市川崎区観音2-12,ベーシック,ヤリス（ハイブリッド）,MXPH10型/MXPH15型（2021年-2023年）
川崎観音２丁目月極,神奈川県川崎市川崎区観音2-12,ベーシック,MAZDA3 5HB 1500,
川崎観音２丁目月極,神奈川県川崎市川崎区観音2-12,ミドル,シエンタ,NSP170G型/NCP175G型（2015年-2022年）
川崎貝塚２丁目,神奈川県川崎市川崎区貝塚2-16,ベーシック,アクア（ハイブリッド）,
江川２丁目,神奈川県川崎市川崎区江川2-14,ベーシック,ヤリス（ハイブリッド）,MXPH10型/MXPH15型（2021年-2023年）
池上新町２丁目月極,神奈川県川崎市川崎区池上新町2-12,ベーシック,ウェイク,
池上新町２丁目月極,神奈川県川崎市川崎区池上新町2-12,ベーシック,ウェイク,
浅田３丁目,神奈川県川崎市川崎区浅田3-14,ベーシック,ワゴンRスマイル 660,
浅田３丁目,神奈川県川崎市川崎区浅田3-14,ベーシック,ワゴンRスマイル 660,
鋼管通１丁目,神奈川県川崎市川崎区鋼管通1-26,ベーシック,フィット（ハイブリッド）,ジュニアシートなし
ＵＲコンフォール川崎富士見,神奈川県川崎市川崎区富士見1-6,ベーシック,ノート e-POWER,ジュニアシートなし
ＵＲコンフォール川崎富士見,神奈川県川崎市川崎区富士見1-6,ベーシック,ノート e-POWER,ジュニアシートなし
ＵＲサンスクエア川崎Ｃ地区,神奈川県川崎市川崎区日進町 1,ベーシック,MAZDA2,DJ型（2019年-2023年）
ＵＲサンスクエア川崎Ｃ地区,神奈川県川崎市川崎区日進町 1,ベーシック,MAZDA2,DJ型（2019年-2023年）
ＵＲサンスクエア川崎Ｃ地区,神奈川県川崎市川崎区日進町 1,ベーシック,アクア（ハイブリッド）,
ＵＲサンスクエア川崎Ｃ地区,神奈川県川崎市川崎区日進町 1,ベーシック,アクア（ハイブリッド）,
ＵＲサンスクエア川崎Ｃ地区,神奈川県川崎市川崎区日進町 1,ベーシック,スイフト(ハイブリッド/1200cc),
ＵＲサンスクエア川崎Ｃ地区,神奈川県川崎市川崎区日進町 1,ベーシック,ソリオ,
ＵＲサンスクエア川崎Ｃ地区,神奈川県川崎市川崎区日進町 1,ベーシック,ノート e-POWER,ジュニアシートなし
ＵＲサンスクエア川崎Ｃ地区,神奈川県川崎市川崎区日進町 1,ベーシック,ヤリス（ハイブリッド）,MXPH10型/MXPH15型（2021年-2023年）
ＵＲミラリオ大師河原,神奈川県川崎市川崎区大師河原1-1,ベーシック,アクア（ハイブリッド）,
ＵＲミラリオ大師河原,神奈川県川崎市川崎区大師河原1-1,ベーシック,アクア（ハイブリッド）,ジュニアシートなし
ＵＲミラリオ大師河原,神奈川県川崎市川崎区大師河原1-1,ベーシック,ノート e-POWER,
ＵＲミラリオ大師河原,神奈川県川崎市川崎区大師河原1-1,ベーシック,ヤリス（ハイブリッド）,MXPH10型/MXPH15型（2021年-2023年）
ＵＲミラリオ大師河原,神奈川県川崎市川崎区大師河原1-1,ベーシック,ヤリス（ハイブリッド）,MXPH10型/MXPH15型（2021年-2023年）
ＵＲ川崎日進,神奈川県川崎市川崎区日進町23,ベーシック,ソリオ,
ＵＲ川崎日進,神奈川県川崎市川崎区日進町23,ベーシック,ノート e-POWER,ジュニアシートなし
ＵＲ川崎日進,神奈川県川崎市川崎区日進町23,ベーシック,ノート e-POWER,ジュニアシートなし
ＵＲ川崎日進,神奈川県川崎市川崎区日進町23,ベーシック,ノート e-POWER,ジュニアシートなし
ＵＲ川崎日進,神奈川県川崎市川崎区日進町23,ベーシック,ヤリス（ハイブリッド）,MXPH10型/MXPH15型（2021年-2023年）
ＵＲ川崎日進,神奈川県川崎市川崎区日進町23,ベーシック,ヤリス（ハイブリッド）,MXPH10型/MXPH15型（2021年-2023年） ジュニアシートなし
ＵＲ川崎日進,神奈川県川崎市川崎区日進町23,ベーシック,ライズ,A200A型（2019年-2021年）
ＵＲ川崎日進,神奈川県川崎市川崎区日進町23,ベーシック,ライズ,A200A型（2019年-2021年）
オープンレジデンシア川崎,神奈川県川崎市幸区幸町1,ベーシック,ヤリスクロス（ハイブリッド）,
ガーラ・グランディ川崎西口,神奈川県川崎市幸区柳町 17,ベーシック,ウェイク,
ガーラ・グランディ川崎西口,神奈川県川崎市幸区柳町 17,ベーシック,ルークス,
クリオレジダンス川崎南幸町,神奈川県川崎市幸区南幸町2-77,ベーシック,ノート e-POWER,
グリフィン川崎・西口,神奈川県川崎市幸区中幸町3-24,ベーシック,フィット（ハイブリッド）,ジュニアシートなし
サンシャイン幸,神奈川県川崎市幸区中幸町3-3,ベーシック,ウェイク,
タイムズフロール川崎下平間,神奈川県川崎市幸区下平間214,ベーシック,フィット（ハイブリッド）,
タイムズフロール新川崎,神奈川県川崎市幸区北加瀬1-11,ベーシック,アクア（ハイブリッド）,NHP10型（2011年-2021年）
タイムズフロール新川崎,神奈川県川崎市幸区北加瀬1-11,ベーシック,ヤリス（ハイブリッド）,MXPH10型/MXPH15型（2021年-2023年）
タイムズフロール新川崎,神奈川県川崎市幸区北加瀬1-11,ミドル,フリード,
タイムズ南加瀬２丁目,神奈川県川崎市幸区南加瀬2-14,ベーシック,ノート e-POWER,ジュニアシートなし
タイムズ南加瀬２丁目,神奈川県川崎市幸区南加瀬2-14,ベーシック,ノート e-POWER,
タイムズ南加瀬２丁目第２,神奈川県川崎市幸区南加瀬2-16,ベーシック,フィット,
タイムズ南加瀬２丁目第２,神奈川県川崎市幸区南加瀬2-16,ベーシック,ヤリスクロス（ハイブリッド）,
タイムズ古川町第２,神奈川県川崎市幸区古川町136-1,ベーシック,ルークス,ジュニアシートなし
タイムズ古川町第２,神奈川県川崎市幸区古川町136-1,ベーシック,アクア（ハイブリッド）,
タイムズ古川町第２,神奈川県川崎市幸区古川町136-1,ベーシック,ノート e-POWER,
タイムズ古川町第２,神奈川県川崎市幸区古川町136-1,ベーシック,ヤリス（ハイブリッド）,MXPH10型/MXPH15型（2021年-2023年）
タイムズ古川町第２,神奈川県川崎市幸区古川町136-1,ベーシック,ルーミー 1000,
タイムズ古川町第２,神奈川県川崎市幸区古川町136-1,ベーシック,MAZDA3 5HB 1500,
タイムズ古川町第２,神奈川県川崎市幸区古川町136-1,ベーシック,ライズ,A200A型（2019年-2021年）
タイムズ古川町第２,神奈川県川崎市幸区古川町136-1,プレミアム,ノア（ハイブリッド）,
タイムズ尻手駅前,神奈川県川崎市幸区南幸町3-118,ベーシック,アクア（ハイブリッド）,
タイムズ尻手駅前,神奈川県川崎市幸区南幸町3-118,ベーシック,ヤリス（ハイブリッド）,ジュニアシートなし
タイムズ尻手駅前,神奈川県川崎市幸区南幸町3-118,ベーシック,ルーミー 1000,ジュニアシートなし
タイムズ尻手駅前,神奈川県川崎市幸区南幸町3-118,ベーシック,MAZDA3 5HB 1500,
タイムズ尻手駅前,神奈川県川崎市幸区南幸町3-118,ベーシック,ヤリスクロス（ハイブリッド）,
タイムズ尻手駅前,神奈川県川崎市幸区南幸町3-118,ベーシック,ライズ（ハイブリッド）,
タイムズ川崎北加瀬第３,神奈川県川崎市幸区北加瀬1-20,ベーシック,MAZDA2,
タイムズ川崎北加瀬第３,神奈川県川崎市幸区北加瀬1-20,ベーシック,アクア（ハイブリッド）,NHP10型（2011年-2021年）
タイムズ川崎北加瀬第３,神奈川県川崎市幸区北加瀬1-20,ベーシック,ノート e-POWER,
タイムズ川崎北加瀬第４,神奈川県川崎市幸区北加瀬1-41,ベーシック,ノート e-POWER,
タイムズ川崎南幸町,神奈川県川崎市幸区南幸町3,ベーシック,アクア（ハイブリッド）,
タイムズ川崎南幸町,神奈川県川崎市幸区南幸町3,ベーシック,ノート e-POWER,
タイムズ川崎南幸町,神奈川県川崎市幸区南幸町3,ベーシック,ヤリス（ハイブリッド）,MXPH10型/MXPH15型（2021年-2023年）
タイムズ川崎南幸町第６,神奈川県川崎市幸区南幸町3-123,ベーシック,アクア（ハイブリッド）,
タイムズ川崎南幸町第６,神奈川県川崎市幸区南幸町3-123,ベーシック,ノート e-POWER,
タイムズ川崎南幸町第６,神奈川県川崎市幸区南幸町3-123,ミドル,CX-30 2000（M-ハイブリッド）,
タイムズ川崎古市場第２,神奈川県川崎市幸区古市場1-35,ベーシック,アクア（ハイブリッド）,
タイムズ川崎古市場第２,神奈川県川崎市幸区古市場1-35,ベーシック,ライズ,A200A型（2019年-2021年）
タイムズ川崎小倉,神奈川県川崎市幸区小倉5-1242,ベーシック,フィット,
タイムズ川崎小倉,神奈川県川崎市幸区小倉5-1242,ベーシック,ライズ,A200A型（2019年-2021年）
タイムズ川崎小倉第２,神奈川県川崎市幸区小倉2-4,ベーシック,ルークス,
タイムズ川崎小倉第２,神奈川県川崎市幸区小倉2-4,ベーシック,MAZDA3 5HB 1500,
タイムズ川崎小倉第２,神奈川県川崎市幸区小倉2-4,ベーシック,ライズ,A200A型（2019年-2021年）
タイムズ川崎小倉第２,神奈川県川崎市幸区小倉2-4,ミドル,フリード,
タイムズ川崎幸町第２,神奈川県川崎市幸区幸町2-637,ベーシック,MAZDA2,DJ型（2019年-2023年）
タイムズ川崎幸町第２,神奈川県川崎市幸区幸町2-637,ベーシック,ヤリス（ハイブリッド）,MXPH10型/MXPH15型（2021年-2023年） ジュニアシートなし
タイムズ川崎幸町第２,神奈川県川崎市幸区幸町2-637,ベーシック,ヤリス（ハイブリッド）,MXPH10型/MXPH15型（2021年-2023年）
タイムズ川崎幸町第２,神奈川県川崎市幸区幸町2-637,ミドル,シエンタ,NSP170G型/NCP175G型（2015年-2022年） ジュニアシートなし
タイムズ川崎幸町第３,神奈川県川崎市幸区幸町2-699,ベーシック,ソリオ,
タイムズ川崎柳町第４,神奈川県川崎市幸区柳町10,ベーシック,ヤリス（ハイブリッド）,MXPH10型/MXPH15型（2021年-2023年）
タイムズ川崎柳町第４,神奈川県川崎市幸区柳町10,ベーシック,ヤリスクロス（ハイブリッド）,
タイムズ川崎矢上,神奈川県川崎市幸区矢上15,ベーシック,ライズ,A200A型（2019年-2021年）
タイムズ川崎紺屋町,神奈川県川崎市幸区紺屋町92,ベーシック,ヤリス（ハイブリッド）,MXPH10型/MXPH15型（2021年-2023年）
タイムズ川崎紺屋町,神奈川県川崎市幸区紺屋町92,ベーシック,ライズ,A200A型（2019年-2021年）
タイムズ戸手本町２丁目,神奈川県川崎市幸区戸手本町2-426,ベーシック,スイフト,
タイムズ戸手本町２丁目,神奈川県川崎市幸区戸手本町2-426,ベーシック,ヤリス（ハイブリッド）,MXPH10型/MXPH15型（2021年-2023年）
タイムズ戸手本町２丁目,神奈川県川崎市幸区戸手本町2-426,ベーシック,ヤリスクロス（ハイブリッド）,
タイムズ鹿島田病院,神奈川県川崎市幸区鹿島田1-21,ベーシック,アクア（ハイブリッド）,ジュニアシートなし
タイムズ鹿島田３丁目,神奈川県川崎市幸区鹿島田3-9,ベーシック,ノート e-POWER,
タイムズ鹿島田３丁目,神奈川県川崎市幸区鹿島田3-9,ベーシック,MAZDA3 5HB 1500,
トースト川崎,神奈川県川崎市幸区大宮町 3,ベーシック,ノート e-POWER,
トースト川崎,神奈川県川崎市幸区大宮町 3,ベーシック,ライズ,A200A型（2019年-2021年）
ドゥーエ新川崎,神奈川県川崎市幸区鹿島田1-19,ベーシック,N BOX,
ドゥーエ新川崎,神奈川県川崎市幸区鹿島田1-19,ベーシック,ノート e-POWER,ジュニアシートなし
ドゥーエ新川崎,神奈川県川崎市幸区鹿島田1-19,ベーシック,ルーミー 1000,
プラウド川崎ガーデンテラス,神奈川県川崎市幸区小向西町4-33,ミドル,フリード,
プラウド川崎柳町,神奈川県川崎市幸区柳町,ベーシック,ソリオ,
マンスリー戸手本町２丁目,神奈川県川崎市幸区戸手本町2-429,ベーシック,ライズ,A200A型（2019年-2021年）
マンスリー戸手本町２丁目,神奈川県川崎市幸区戸手本町2-429,ベーシック,ライズ,A200A型（2019年-2021年）
リリファ川崎ブライトクロス,神奈川県川崎市幸区小倉4-25,ベーシック,MAZDA2,
ルートパーキング幸区塚越,神奈川県川崎市幸区塚越3,ベーシック,フィット（ハイブリッド）,
ヴェールシャルマン新川崎,神奈川県川崎市幸区東小倉6-24,ベーシック,ノート e-POWER,
ヴェールシャルマン新川崎,神奈川県川崎市幸区東小倉6-24,ベーシック,フィット,
ヴェールシャルマン新川崎,神奈川県川崎市幸区東小倉6-24,ベーシック,ヤリスクロス（ハイブリッド）,
中幸町４丁目,神奈川県川崎市幸区中幸町4,ベーシック,ソリオ,ジュニアシートなし
中幸町４丁目,神奈川県川崎市幸区中幸町4,ベーシック,ソリオ,
北加瀬１丁目月極,神奈川県川崎市幸区北加瀬1-41,ベーシック,ヤリス（ハイブリッド）,MXPH10型/MXPH15型（2021年-2023年）
北加瀬１丁目月極,神奈川県川崎市幸区北加瀬1-41,ベーシック,MAZDA3 5HB 1500,
北加瀬１丁目駐車場,神奈川県川崎市幸区北加瀬1-18,ベーシック,ヤリス（ハイブリッド）,MXPH10型/MXPH15型（2021年-2023年）
南加瀬セブンスター２Ｆ,神奈川県川崎市幸区南加瀬4-18,ベーシック,アクア（ハイブリッド）,
南加瀬セブンスター２Ｆ,神奈川県川崎市幸区南加瀬4-18,ベーシック,ヤリスクロス（ハイブリッド）,
南加瀬セブンスター２Ｆ,神奈川県川崎市幸区南加瀬4-18,ベーシック,ライズ（ハイブリッド）,
南加瀬セブンスター２Ｆ,神奈川県川崎市幸区南加瀬4-18,ミドル,シエンタ,NSP170G型/NCP175G型（2015年-2022年）
南加瀬セブンスター２Ｆ,神奈川県川崎市幸区南加瀬4-18,ミドル,C-HR（ハイブリッド）,
南加瀬セブンスター２Ｆ,神奈川県川崎市幸区南加瀬4-18,プレミアム,セレナ,車両のトラブル、事故、無断延長などでご利用いただけない場合、同一車種での代替車両がご提供できません。あらかじめご了承ください。ジュニアシートなし
古市場ＴＫハイム地下駐車場,神奈川県川崎市幸区古市場2-79,ベーシック,ライズ,A200A型（2019年-2021年）
古市場ＴＫハイム地下駐車場,神奈川県川崎市幸区古市場2-79,ベーシック,ライズ,A200A型（2019年-2021年）
川崎塚越月極,神奈川県川崎市幸区塚越3-524,ベーシック,アクア（ハイブリッド）,
川崎塚越月極,神奈川県川崎市幸区塚越3-524,ベーシック,ヤリス（ハイブリッド）,MXPH10型/MXPH15型（2021年-2023年）
川崎塚越月極,神奈川県川崎市幸区塚越3-524,ミドル,シエンタ,NSP170G型/NCP175G型（2015年-2022年）
川崎塚越月極,神奈川県川崎市幸区塚越3-524,ミドル,シエンタ（ハイブリッド）,
川崎幸町１丁目月極,神奈川県川崎市幸区幸町1-788,ベーシック,ノート e-POWER,
川崎幸町１丁目月極,神奈川県川崎市幸区幸町1-788,ベーシック,フィット,
川崎紺屋町第２,神奈川県川崎市幸区紺屋町42,ベーシック,MAZDA2,DJ型（2019年-2023年） ジュニアシートなし
川崎紺屋町第２,神奈川県川崎市幸区紺屋町42,ベーシック,ノート e-POWER,
幸区メゾンエトワール駐車場,神奈川県川崎市幸区古川町153,ベーシック,フィット（ハイブリッド）,ジュニアシートなし
戸手本町２丁目月極,神奈川県川崎市幸区戸手本町2-232,ベーシック,アクア（ハイブリッド）,ジュニアシートなし
戸手本町２丁目月極,神奈川県川崎市幸区戸手本町2-232,ベーシック,ソリオ,
矢上交差点前,神奈川県川崎市幸区矢上15,ベーシック,アクア（ハイブリッド）,
矢向キョーワパーキング塚越,神奈川県川崎市幸区塚越2,ベーシック,ソリオ,ジュニアシートなし
矢向キョーワパーキング塚越,神奈川県川崎市幸区塚越2,ベーシック,フィット（ハイブリッド）,ジュニアシートなし
鹿島田駅月極,神奈川県川崎市幸区下平間155,ベーシック,ハスラー,
鹿島田駅月極,神奈川県川崎市幸区下平間155,ベーシック,アクア（ハイブリッド）,
鹿島田駅月極,神奈川県川崎市幸区下平間155,ベーシック,ノート e-POWER,
鹿島田駅月極,神奈川県川崎市幸区下平間155,ベーシック,ノート e-POWER,
鹿島田駅月極,神奈川県川崎市幸区下平間155,ベーシック,ヤリス（ハイブリッド）,MXPH10型/MXPH15型（2021年-2023年）
鹿島田駅月極,神奈川県川崎市幸区下平間155,ベーシック,ヤリスクロス（ハイブリッド）,
鹿島田駅月極,神奈川県川崎市幸区下平間155,ミドル,CX-30 2000（M-ハイブリッド）,
鹿島田駅月極,神奈川県川崎市幸区下平間155,プレミアム,セレナ,C27型/GNC27型（2016年-2022年） 車両のトラブル、事故、無断延長などでご利用いただけない場合、同一車種での代替車両がご提供できません。あらかじめご了承ください。
ＵＲかわさきテクノピア堀川町ハイツ,神奈川県川崎市幸区堀川町66,ベーシック,ヤリスクロス（ハイブリッド）,
ＵＲかわさきテクノピア堀川町ハイツ,神奈川県川崎市幸区堀川町66,ミドル,フリード,
ＵＲアーベインビオ川崎,神奈川県川崎市幸区大宮町26,ベーシック,ヤリスクロス（ハイブリッド）,
ＵＲアーベインビオ川崎,神奈川県川崎市幸区大宮町26,ベーシック,ヤリスクロス（ハイブリッド）,
アレッタ武蔵中原,神奈川県川崎市中原区下小田中2-29,ベーシック,ノート e-POWER,
アレッタ武蔵中原,神奈川県川崎市中原区下小田中2-29,ベーシック,ヤリス（ハイブリッド）,ジュニアシートなし
エステムコート元住吉,神奈川県川崎市中原区井田三舞町9,ベーシック,ヤリスクロス（ハイブリッド）,
エバーグレース平間２,神奈川県川崎市中原区田尻町48,ベーシック,ウェイク,
エバーグレース平間２,神奈川県川崎市中原区田尻町48,ベーシック,ウェイク,
エバーグレース平間２,神奈川県川崎市中原区田尻町48,ベーシック,ハスラー,
エバーグレース平間２,神奈川県川崎市中原区田尻町48,ベーシック,ルーミー 1000,
オークラ武蔵中原店,神奈川県川崎市中原区下小田中2-1,ベーシック,アクア（ハイブリッド）,
オークラ武蔵中原店,神奈川県川崎市中原区下小田中2-1,ベーシック,ソリオ,
オークラ武蔵中原店,神奈川県川崎市中原区下小田中2-1,ベーシック,ノート e-POWER,
ガーラ・グランディ新丸子,神奈川県川崎市中原区丸子通1-667,ベーシック,ノート e-POWER,ジュニアシートなし
クリエイトエス・ディー川崎田尻町店,神奈川県川崎市中原区田尻町67,ベーシック,ヤリス（ハイブリッド）,MXPH10型/MXPH15型（2021年-2023年）
クリエイトエス・ディー川崎田尻町店,神奈川県川崎市中原区田尻町67,プレミアム,セレナ,車両のトラブル、事故、無断延長などでご利用いただけない場合、同一車種での代替車両がご提供できません。あらかじめご了承ください。
クリオ武蔵小杉ガーデンマークス,神奈川県川崎市中原区市ノ坪字広町363,ミドル,シエンタ（ハイブリッド）,
クレヴィアウィル武蔵小杉,神奈川県川崎市中原区市ノ坪,ベーシック,アクア（ハイブリッド）,
クレヴィアウィル武蔵小杉,神奈川県川崎市中原区市ノ坪,ミドル,シエンタ（ハイブリッド）,
グランドステージ武蔵中原,神奈川県川崎市中原区上小田中6-23,ベーシック,MAZDA2,DJ型（2019年-2023年）
グランドステージ武蔵中原,神奈川県川崎市中原区上小田中6-23,ベーシック,ノート e-POWER,
サニーウェル小杉,神奈川県川崎市中原区小杉町1-403,ベーシック,ルークス,ジュニアシートなし
サニーウェル小杉,神奈川県川崎市中原区小杉町1-403,ベーシック,ワゴンRスマイル 660,
シエル武蔵小杉,神奈川県川崎市中原区新丸子町973,ベーシック,ハスラー,
シエント武蔵小杉,神奈川県川崎市中原区今井西町18,ベーシック,MAZDA2,DJ型（2019年-2023年）
シエント武蔵小杉,神奈川県川崎市中原区今井西町18,ミドル,シエンタ（ハイブリッド）,
スタジオデン新丸子,神奈川県川崎市中原区新丸子町 701,ベーシック,ウェイク,
スタジオデン新丸子,神奈川県川崎市中原区新丸子町 701,ベーシック,ハスラー,ジュニアシートなし
スタジオデン新丸子,神奈川県川崎市中原区新丸子町 701,ベーシック,ワゴンRスマイル 660,
セレマークス武蔵小杉,神奈川県川崎市中原区小杉町2-235,ベーシック,アクア（ハイブリッド）,
セレマークス武蔵小杉,神奈川県川崎市中原区小杉町2-235,ベーシック,フィット,
セレマークス武蔵小杉,神奈川県川崎市中原区小杉町2-235,ベーシック,ヤリス（ハイブリッド）,MXPH10型/MXPH15型（2021年-2023年）
セレマークス武蔵小杉,神奈川県川崎市中原区小杉町2-235,ベーシック,ヤリス（ハイブリッド）,MXPH10型/MXPH15型（2021年-2023年）
タイムズサライ通り商店街,神奈川県川崎市中原区今井南町430,ベーシック,ヤリス（ハイブリッド）,MXPH10型/MXPH15型（2021年-2023年）
タイムズピーシーデポスマートライフ日吉店,神奈川県川崎市中原区木月4-27,ベーシック,スイフト,
タイムズピーシーデポスマートライフ日吉店,神奈川県川崎市中原区木月4-27,ベーシック,ノート e-POWER,
タイムズフロール元住吉（ＥＶ）,神奈川県川崎市中原区西加瀬176,ミドル,リーフ,ZE1型（2017年-2022年） 車両のトラブル、事故、無断延長などでご利用いただけない場合、同一車種での代替車両がご提供できません。あらかじめご了承ください。
タイムズポート上小田中,神奈川県川崎市中原区上小田中6-6,ベーシック,MAZDA2,DJ型（2019年-2023年）
タイムズポート上小田中,神奈川県川崎市中原区上小田中6-6,ベーシック,アクア（ハイブリッド）,ジュニアシートなし
タイムズポート上小田中,神奈川県川崎市中原区上小田中6-6,ベーシック,スイフト,ジュニアシートなし
タイムズポート上小田中,神奈川県川崎市中原区上小田中6-6,ベーシック,ヤリス（ハイブリッド）,MXPH10型/MXPH15型（2021年-2023年）
タイムズポート上小田中,神奈川県川崎市中原区上小田中6-6,ベーシック,ヤリス（ハイブリッド）,MXPH10型/MXPH15型（2021年-2023年）
タイムズポート上小田中,神奈川県川崎市中原区上小田中6-6,ベーシック,ヤリスクロス（ハイブリッド）,
タイムズポート上小田中,神奈川県川崎市中原区上小田中6-6,ベーシック,ライズ,A200A型（2019年-2021年）
タイムズ上小田中,神奈川県川崎市中原区上小田中3-16,ベーシック,ソリオ,
タイムズ上小田中,神奈川県川崎市中原区上小田中3-16,ベーシック,ヤリスクロス（ハイブリッド）,
タイムズ上小田中６丁目,神奈川県川崎市中原区上小田中6-27,ベーシック,ノート e-POWER,
タイムズ上小田中６丁目,神奈川県川崎市中原区上小田中6-27,ベーシック,フィット,
タイムズ上小田中６丁目,神奈川県川崎市中原区上小田中6-27,ベーシック,ヤリス（ハイブリッド）,MXPH10型/MXPH15型（2021年-2023年）
タイムズ上小田中６丁目,神奈川県川崎市中原区上小田中6-27,ベーシック,ヤリスクロス（ハイブリッド）,
タイムズ上小田中６丁目,神奈川県川崎市中原区上小田中6-27,ベーシック,ライズ,A200A型（2019年-2021年）
タイムズ上小田中６丁目,神奈川県川崎市中原区上小田中6-27,ベーシック,ライズ,A200A型（2019年-2021年）
タイムズ上小田中６丁目,神奈川県川崎市中原区上小田中6-27,ベーシック,ライズ,A200A型（2019年-2021年）
タイムズ下小田中,神奈川県川崎市中原区下小田中1-15,ベーシック,ヤリス（ハイブリッド）,MXPH10型/MXPH15型（2021年-2023年）
タイムズ下小田中,神奈川県川崎市中原区下小田中1-15,ベーシック,MAZDA3 5HB 1500,
タイムズ下小田中,神奈川県川崎市中原区下小田中1-15,ベーシック,ライズ,A200A型（2019年-2021年）
タイムズ下小田中（ＥＶ）,神奈川県川崎市中原区下小田中1-15,ミドル,リーフ,
タイムズ下沼部,神奈川県川崎市中原区下沼部1767,ベーシック,ヤリスクロス（ハイブリッド）,
タイムズ中丸子第３,神奈川県川崎市中原区中丸子276,ベーシック,ヤリス（ハイブリッド）,
タイムズ中丸子第３,神奈川県川崎市中原区中丸子276,ベーシック,ヤリスクロス（ハイブリッド）,
タイムズ中丸子第３,神奈川県川崎市中原区中丸子276,ミドル,C-HR（ハイブリッド）,
タイムズ中丸子第４,神奈川県川崎市中原区中丸子623,ベーシック,アクア（ハイブリッド）,
タイムズ中丸子第４,神奈川県川崎市中原区中丸子623,ベーシック,ソリオ,
タイムズ中丸子第４,神奈川県川崎市中原区中丸子623,ベーシック,ヤリス（ハイブリッド）,MXPH10型/MXPH15型（2021年-2023年）
タイムズ中丸子第４,神奈川県川崎市中原区中丸子623,ベーシック,ライズ,A200A型（2019年-2021年）
タイムズ丸子通１丁目,神奈川県川崎市中原区丸子通1-634,ベーシック,ヤリスクロス（ハイブリッド）,
タイムズ井田三舞町,神奈川県川崎市中原区井田三舞町17,ベーシック,アクア（ハイブリッド）,
タイムズ井田三舞町,神奈川県川崎市中原区井田三舞町17,ベーシック,スイフト,
タイムズ井田三舞町,神奈川県川崎市中原区井田三舞町17,ベーシック,ヤリス（ハイブリッド）,MXPH10型/MXPH15型（2021年-2023年）
タイムズ井田三舞町,神奈川県川崎市中原区井田三舞町17,ミドル,フリード,
タイムズ井田三舞町第３,神奈川県川崎市中原区井田三舞町16,ベーシック,ノート e-POWER,
タイムズ井田三舞町第３,神奈川県川崎市中原区井田三舞町16,ベーシック,ヤリス（ハイブリッド）,MXPH10型/MXPH15型（2021年-2023年）
タイムズ井田三舞町第３,神奈川県川崎市中原区井田三舞町16,ベーシック,ヤリスクロス（ハイブリッド）,
タイムズ井田三舞町第３,神奈川県川崎市中原区井田三舞町16,プレミアム,セレナ,C27型/GNC27型（2016年-2022年） 車両のトラブル、事故、無断延長などでご利用いただけない場合、同一車種での代替車両がご提供できません。あらかじめご了承ください。
タイムズ井田中ノ町第４,神奈川県川崎市中原区井田中ノ町8,ベーシック,MAZDA2,DJ型（2019年-2023年）
タイムズ井田中ノ町第４,神奈川県川崎市中原区井田中ノ町8,ベーシック,MAZDA3 5HB 1500,
タイムズ井田中ノ町第４,神奈川県川崎市中原区井田中ノ町8,ミドル,シエンタ,NSP170G型/NCP175G型（2015年-2022年）
タイムズ井田杉山町第２,神奈川県川崎市中原区井田杉山町2-59,ベーシック,アクア（ハイブリッド）,ジュニアシートなし
タイムズ今井上町,神奈川県川崎市中原区今井上町8,ベーシック,ヤリス（ハイブリッド）,MXPH10型/MXPH15型（2021年-2023年）
タイムズ今井上町,神奈川県川崎市中原区今井上町8,ベーシック,MAZDA3 5HB 1500,
タイムズ今井上町,神奈川県川崎市中原区今井上町8,ベーシック,ライズ,A200A型（2019年-2021年）
タイムズ今井南町,神奈川県川崎市中原区今井南町16,ベーシック,ヤリス（ハイブリッド）,
タイムズ今井南町,神奈川県川崎市中原区今井南町16,ベーシック,ヤリス（ハイブリッド）,MXPH10型/MXPH15型（2021年-2023年）
タイムズ元住吉第８,神奈川県川崎市中原区木月4-4,ベーシック,スイフト,
タイムズ元住吉第８,神奈川県川崎市中原区木月4-4,ベーシック,MAZDA3 5HB 1500,
タイムズ元住吉第９,神奈川県川崎市中原区木月1-10,ベーシック,ヤリス（ハイブリッド）,MXPH10型/MXPH15型（2021年-2023年）
タイムズ元住吉第９,神奈川県川崎市中原区木月1-10,ベーシック,ライズ,A200A型（2019年-2021年）
タイムズ元住吉駅前第４,神奈川県川崎市中原区木月2-8,ベーシック,MAZDA2,DJ型（2019年-2023年）
タイムズ元住吉駅前第６,神奈川県川崎市中原区木月2-9,ベーシック,ノート e-POWER,
タイムズ元住吉駅前第６,神奈川県川崎市中原区木月2-9,ベーシック,ヤリスクロス（ハイブリッド）,
タイムズ元住吉駅前第６,神奈川県川崎市中原区木月2-9,ミドル,シエンタ,NSP170G型/NCP175G型（2015年-2022年）
タイムズ元住吉駅前第６,神奈川県川崎市中原区木月2-9,プレミアム,セレナ,C27型/GNC27型（2016年-2022年） 車両のトラブル、事故、無断延長などでご利用いただけない場合、同一車種での代替車両がご提供できません。あらかじめご了承ください。
タイムズ元住吉駅前第６,神奈川県川崎市中原区木月2-9,プレミアム,ノア,R80型（2014年-2022年） 車両のトラブル、事故、無断延長などでご利用いただけない場合、同一車種での代替車両がご提供できません。あらかじめご了承ください。
タイムズ元住吉駅前第８,神奈川県川崎市中原区木月2-9,ベーシック,MAZDA2,DJ型（2019年-2023年）
タイムズ元住吉駅前第８,神奈川県川崎市中原区木月2-9,ベーシック,アクア（ハイブリッド）,
タイムズ元住吉駅前第８,神奈川県川崎市中原区木月2-9,ベーシック,ヤリス（ハイブリッド）,MXPH10型/MXPH15型（2021年-2023年）
タイムズ元住吉駅前第８,神奈川県川崎市中原区木月2-9,ミドル,シエンタ,NSP170G型/NCP175G型（2015年-2022年）
タイムズ小杉御殿町第２,神奈川県川崎市中原区小杉御殿町2-147,ベーシック,MAZDA2,DJ型（2019年-2023年）
タイムズ小杉御殿町第２,神奈川県川崎市中原区小杉御殿町2-147,ベーシック,アクア（ハイブリッド）,
タイムズ小杉御殿町第２,神奈川県川崎市中原区小杉御殿町2-147,ベーシック,ヤリスクロス（ハイブリッド）,
タイムズ小杉御殿町第３,神奈川県川崎市中原区小杉御殿町1-977,ベーシック,ソリオ,
タイムズ小杉御殿町第４,神奈川県川崎市中原区小杉御殿町2-42,ベーシック,ヤリス（ハイブリッド）,MXPH10型/MXPH15型（2021年-2023年）
タイムズ小杉御殿町第４,神奈川県川崎市中原区小杉御殿町2-42,ベーシック,MAZDA3 5HB 1500,
タイムズ小杉御殿町第４,神奈川県川崎市中原区小杉御殿町2-42,ミドル,シエンタ,NSP170G型/NCP175G型（2015年-2022年）
タイムズ小杉御殿町第７,神奈川県川崎市中原区小杉御殿町2-152,ベーシック,アクア（ハイブリッド）,ジュニアシートなし
タイムズ小杉御殿町第７,神奈川県川崎市中原区小杉御殿町2-152,ベーシック,ライズ,A200A型（2019年-2021年）
タイムズ小杉御殿町第７,神奈川県川崎市中原区小杉御殿町2-152,ミドル,シエンタ,NSP170G型/NCP175G型（2015年-2022年） ジュニアシートなし
タイムズ川崎井田,神奈川県川崎市中原区井田2-34,ベーシック,MAZDA2,
タイムズ川崎井田,神奈川県川崎市中原区井田2-34,ベーシック,ヤリス（ハイブリッド）,MXPH10型/MXPH15型（2021年-2023年）
タイムズ川崎井田,神奈川県川崎市中原区井田2-34,ベーシック,ヤリス（ハイブリッド）,MXPH10型/MXPH15型（2021年-2023年）
タイムズ川崎井田,神奈川県川崎市中原区井田2-34,ベーシック,ヤリス（ハイブリッド）,MXPH10型/MXPH15型（2021年-2023年）
タイムズ川崎井田,神奈川県川崎市中原区井田2-34,ベーシック,MAZDA3 5HB 1500,
タイムズ川崎井田,神奈川県川崎市中原区井田2-34,ベーシック,ライズ,A200A型（2019年-2021年）
タイムズ平間駅前,神奈川県川崎市中原区田尻町64,ベーシック,ソリオ,ジュニアシートなし
タイムズ平間駅前,神奈川県川崎市中原区田尻町64,ミドル,シエンタ（ハイブリッド）,
タイムズ新丸子町第２,神奈川県川崎市中原区新丸子町690,ベーシック,アクア（ハイブリッド）,
タイムズ新丸子町第２,神奈川県川崎市中原区新丸子町690,ベーシック,ノート e-POWER,
タイムズ新丸子町第２,神奈川県川崎市中原区新丸子町690,ベーシック,ヤリス（ハイブリッド）,MXPH10型/MXPH15型（2021年-2023年）
タイムズ新丸子町第２,神奈川県川崎市中原区新丸子町690,ベーシック,MAZDA3 5HB 1500,
タイムズ新丸子町第２,神奈川県川崎市中原区新丸子町690,ベーシック,ヤリスクロス（ハイブリッド）,
タイムズ新丸子町第２,神奈川県川崎市中原区新丸子町690,ベーシック,ライズ,A200A型（2019年-2021年）
タイムズ新丸子町第２,神奈川県川崎市中原区新丸子町690,ミドル,シエンタ,NSP170G型/NCP175G型（2015年-2022年） ジュニアシートなし
タイムズ新丸子町第２,神奈川県川崎市中原区新丸子町690,ミドル,フリード,
タイムズ新丸子町第２,神奈川県川崎市中原区新丸子町690,プレミアム,ノア（ハイブリッド）,車両のトラブル、事故、無断延長などでご利用いただけない場合、同一車種での代替車両がご提供できません。あらかじめご了承ください。
タイムズ新丸子町第３,神奈川県川崎市中原区新丸子町690,ベーシック,N BOX,
タイムズ新丸子町第３,神奈川県川崎市中原区新丸子町690,ベーシック,N BOX,
タイムズ新丸子町第６,神奈川県川崎市中原区新丸子町972,ベーシック,アクア（ハイブリッド）,
タイムズ新丸子町第６,神奈川県川崎市中原区新丸子町972,ベーシック,ノート e-POWER,
タイムズ新丸子町第６,神奈川県川崎市中原区新丸子町972,ベーシック,ヤリス（ハイブリッド）,MXPH10型/MXPH15型（2021年-2023年）
タイムズ新丸子町第６,神奈川県川崎市中原区新丸子町972,ベーシック,ヤリス（ハイブリッド）,ジュニアシートなし
タイムズ新丸子町第６,神奈川県川崎市中原区新丸子町972,ベーシック,MAZDA3 5HB 1500,
タイムズ新丸子町第６,神奈川県川崎市中原区新丸子町972,ベーシック,ヤリスクロス（ハイブリッド）,
タイムズ新丸子町第６,神奈川県川崎市中原区新丸子町972,ミドル,シエンタ,NSP170G型/NCP175G型（2015年-2022年）
タイムズ新丸子町第６,神奈川県川崎市中原区新丸子町972,ミドル,フリード,
タイムズ新丸子町第６,神奈川県川崎市中原区新丸子町972,ミドル,フリード,ジュニアシートなし
タイムズ新丸子町第６,神奈川県川崎市中原区新丸子町972,プレミアム,セレナ,C27型/GNC27型（2016年-2022年） 車両のトラブル、事故、無断延長などでご利用いただけない場合、同一車種での代替車両がご提供できません。あらかじめご了承ください。
タイムズ木月住吉町,神奈川県川崎市中原区木月住吉町10-5,ベーシック,スイフト,
タイムズ木月住吉町,神奈川県川崎市中原区木月住吉町10-5,ミドル,シエンタ,NSP170G型/NCP175G型（2015年-2022年）
タイムズ木月祗園町,神奈川県川崎市中原区木月祗園町8,ベーシック,アクア（ハイブリッド）,
タイムズ木月祗園町,神奈川県川崎市中原区木月祗園町8,ベーシック,ソリオ,
タイムズ木月祗園町,神奈川県川崎市中原区木月祗園町8,ベーシック,ヤリス（ハイブリッド）,MXPH10型/MXPH15型（2021年-2023年）
タイムズ木月祗園町,神奈川県川崎市中原区木月祗園町8,ベーシック,ヤリス（ハイブリッド）,MXPH10型/MXPH15型（2021年-2023年）
タイムズ木月祗園町,神奈川県川崎市中原区木月祗園町8,ミドル,フリード,
タイムズ武蔵中原駅前,神奈川県川崎市中原区下小田中2-4,ベーシック,ヤリス（ハイブリッド）,MXPH10型/MXPH15型（2021年-2023年）
タイムズ武蔵中原駅前,神奈川県川崎市中原区下小田中2-4,ベーシック,ライズ,A200A型（2019年-2021年）
タイムズ武蔵中原駅前,神奈川県川崎市中原区下小田中2-4,プレミアム,ノア,R80型（2014年-2022年） 車両のトラブル、事故、無断延長などでご利用いただけない場合、同一車種での代替車両がご提供できません。あらかじめご了承ください。
タイムズ田尻町,神奈川県川崎市中原区田尻町84,ベーシック,アクア（ハイブリッド）,
タイムズ西加瀬,神奈川県川崎市中原区西加瀬16,ベーシック,ヤリスクロス（ハイブリッド）,
タイムズ西加瀬,神奈川県川崎市中原区西加瀬16,ベーシック,ライズ,A200A型（2019年-2021年）
タイムズ関東労災病院,神奈川県川崎市中原区木月住吉町1,ベーシック,ヤリスクロス（ハイブリッド）,
タウンフォルム武蔵小杉,神奈川県川崎市中原区今井南町3,ベーシック,スイフト,
ナイスシティアリーナ武蔵小杉,神奈川県川崎市中原区中丸子35,ベーシック,アクア（ハイブリッド）,
ナイスシティアリーナ武蔵小杉,神奈川県川崎市中原区中丸子35,ベーシック,ノート e-POWER,
ナイスシティアリーナ武蔵小杉,神奈川県川崎市中原区中丸子35,ベーシック,ヤリスクロス（ハイブリッド）,
ナイスシティアリーナ武蔵小杉,神奈川県川崎市中原区中丸子35,ベーシック,ライズ,A200A型（2019年-2021年）
ナイスシティアリーナ武蔵小杉,神奈川県川崎市中原区中丸子35,ミドル,シエンタ（ハイブリッド）,
ナイスシティアリーナ武蔵小杉,神奈川県川崎市中原区中丸子35,ミドル,フリード,
ナイスシティアリーナ武蔵小杉,神奈川県川崎市中原区中丸子35,プレミアム,セレナ,C27型/GNC27型（2016年-2022年） 車両のトラブル、事故、無断延長などでご利用いただけない場合、同一車種での代替車両がご提供できません。あらかじめご了承ください。
ナイスシティアリーナ武蔵小杉,神奈川県川崎市中原区中丸子35,プレミアム,ノア（ハイブリッド）,車両のトラブル、事故、無断延長などでご利用いただけない場合、同一車種での代替車両がご提供できません。あらかじめご了承ください。
ナイスシティアリーナ武蔵小杉２,神奈川県川崎市中原区中丸子 35,ベーシック,ウェイク,
ナイスシティアリーナ武蔵小杉２,神奈川県川崎市中原区中丸子 35,ベーシック,ヤリス（ハイブリッド）,MXPH10型/MXPH15型（2021年-2023年）
ネイバーズ武蔵中原,神奈川県川崎市中原区下小田中6-7,ベーシック,フィット,
ノーブル駐車場,神奈川県川崎市中原区上新城2-6,ベーシック,ノート e-POWER,
ノーブル駐車場,神奈川県川崎市中原区上新城2-6,ベーシック,ノート e-POWER,
ノーブル駐車場,神奈川県川崎市中原区上新城2-6,ベーシック,ヤリス（ハイブリッド）,MXPH10型/MXPH15型（2021年-2023年）
ノーブル駐車場,神奈川県川崎市中原区上新城2-6,ベーシック,ヤリス（ハイブリッド）,MXPH10型/MXPH15型（2021年-2023年）
ノーブル駐車場,神奈川県川崎市中原区上新城2-6,ミドル,シエンタ（ハイブリッド）,
ノーブル駐車場,神奈川県川崎市中原区上新城2-6,ミドル,CX-30 2000（M-ハイブリッド）,
パロス・コート,神奈川県川崎市中原区上小田中1-28,ベーシック,MAZDA2,DJ型（2019年-2023年）
パロス・コート,神奈川県川崎市中原区上小田中1-28,ベーシック,アクア（ハイブリッド）,
パロス・コート,神奈川県川崎市中原区上小田中1-28,ベーシック,スイフト(ハイブリッド/1200cc),
フィーノ武蔵小杉,神奈川県川崎市中原区今井南町4-20,ベーシック,アクア（ハイブリッド）,
フィーノ武蔵小杉,神奈川県川崎市中原区今井南町4-20,ベーシック,ヤリス（ハイブリッド）,
フィーノ武蔵小杉,神奈川県川崎市中原区今井南町4-20,ベーシック,MAZDA3 5HB 1500,
フィーノ武蔵小杉,神奈川県川崎市中原区今井南町4-20,ミドル,シエンタ,NSP170G型/NCP175G型（2015年-2022年）
フレックステイイン多摩川,神奈川県川崎市中原区新丸子東1,ベーシック,ソリオ,
フレックステイイン多摩川,神奈川県川崎市中原区新丸子東1,ベーシック,ヤリスクロス（ハイブリッド）,
プライムアーバン武蔵小杉,神奈川県川崎市中原区新丸子東2-902,ベーシック,ノート e-POWER,
プライムアーバン武蔵小杉,神奈川県川崎市中原区新丸子東2-902,ベーシック,ヤリス（ハイブリッド）,MXPH10型/MXPH15型（2021年-2023年）
ライブオン和田,神奈川県川崎市中原区今井仲町15,ベーシック,ヤリス（ハイブリッド）,MXPH10型/MXPH15型（2021年-2023年）
ライブオン和田,神奈川県川崎市中原区今井仲町15,ベーシック,ルーミー 1000,
ライブオン和田,神奈川県川崎市中原区今井仲町15,ベーシック,ライズ（ハイブリッド）,
ラフィーネ武蔵中原,神奈川県川崎市中原区上小田中3-2,ベーシック,ヤリス（ハイブリッド）,MXPH10型/MXPH15型（2021年-2023年）
ラフォーレ武蔵中原,神奈川県川崎市中原区下小田中1-16,ベーシック,ヤリス（ハイブリッド）,MXPH10型/MXPH15型（2021年-2023年）
ラフォーレ武蔵中原,神奈川県川崎市中原区下小田中1-16,ベーシック,ヤリスクロス（ハイブリッド）,
ラ・クレール新丸子,神奈川県川崎市中原区上丸子八幡町 1486,ベーシック,ノート,
ラ・グランジュ元住吉,神奈川県川崎市中原区木月伊勢町4,ベーシック,アクア（ハイブリッド）,
リブリ新丸子,神奈川県川崎市中原区上丸子八幡町 605,ベーシック,アクア（ハイブリッド）,
ルシエル,神奈川県川崎市中原区下小田中1-11,ベーシック,ハスラー,
ルピナス壱番館,神奈川県川崎市中原区新城中町14,ベーシック,ソリオ,
ルピナス壱番館,神奈川県川崎市中原区新城中町14,ベーシック,ヤリス（ハイブリッド）,MXPH10型/MXPH15型（2021年-2023年）
ル・グラン中丸子,神奈川県川崎市中原区中丸子373,ベーシック,N BOX,
ル・グラン中丸子,神奈川県川崎市中原区中丸子373,ベーシック,ヤリス（ハイブリッド）,
ル・グラン中丸子,神奈川県川崎市中原区中丸子373,ベーシック,ヤリス（ハイブリッド）,MXPH10型/MXPH15型（2021年-2023年）
ヴィルヌーブ新丸子,神奈川県川崎市中原区上丸子八幡町,ベーシック,ハスラー,ジュニアシートなし
上丸子駐車場,神奈川県川崎市中原区上丸子山王町2,ベーシック,ハスラー,
上丸子駐車場,神奈川県川崎市中原区上丸子山王町2,ベーシック,ルークス,
上小田中１丁目月極駐車場,神奈川県川崎市中原区上小田中1-26,ベーシック,フィット（ハイブリッド）,
上小田中１丁目月極駐車場,神奈川県川崎市中原区上小田中1-26,ベーシック,MAZDA3 5HB 1500,
上小田中１丁目月極駐車場,神奈川県川崎市中原区上小田中1-26,ベーシック,ヤリスクロス（ハイブリッド）,
上小田中１丁目月極駐車場,神奈川県川崎市中原区上小田中1-26,ミドル,シエンタ,NSP170G型/NCP175G型（2015年-2022年）
上小田中１丁目第３駐車場,神奈川県川崎市中原区上小田中1-168,ベーシック,ヤリス（ハイブリッド）,MXPH10型/MXPH15型（2021年-2023年）
上小田中１丁目３６駐車場,神奈川県川崎市中原区上小田中1-36,ベーシック,フィット（ハイブリッド）,ジュニアシートなし
下小田中リブリ・アフィニティ,神奈川県川崎市中原区下小田中6-23,ベーシック,MAZDA2,DJ型（2019年-2023年）
下小田中２丁目パレス鹿島,神奈川県川崎市中原区下小田中2-35,ベーシック,オーラ e-POWER,ジュニアシートなし
下小田中２丁目パレス鹿島,神奈川県川崎市中原区下小田中2-35,ベーシック,ヤリス（ハイブリッド）,ジュニアシートなし
中丸子第２月極,神奈川県川崎市中原区中丸子,ベーシック,MAZDA3 5HB 1500,
中丸子第２月極,神奈川県川崎市中原区中丸子,ベーシック,ライズ,A200A型（2019年-2021年）
中丸子３６５月極,神奈川県川崎市中原区中丸子 365,ベーシック,N BOX,
中丸子３６５月極,神奈川県川崎市中原区中丸子 365,ベーシック,ハスラー,
中原区井田中ノ町,神奈川県川崎市中原区井田中ノ町16,ベーシック,ノート e-POWER,
今井上町月極駐車場,神奈川県川崎市中原区今井上町8,ベーシック,ノート e-POWER,
今井上町１,神奈川県川崎市中原区今井上町1,ベーシック,アクア（ハイブリッド）,ジュニアシートなし
今井上町１,神奈川県川崎市中原区今井上町1,ベーシック,ノート e-POWER,ジュニアシートなし
今井上町１,神奈川県川崎市中原区今井上町1,ベーシック,フィット（ハイブリッド）,ジュニアシートなし
今井南町３５月極駐車場,神奈川県川崎市中原区今井南町35,ベーシック,ソリオ,ジュニアシートなし
今井南町３５月極駐車場,神奈川県川崎市中原区今井南町35,ベーシック,ノート e-POWER,
今井西町サニーハイム月極駐車場,神奈川県川崎市中原区今井西町2,ベーシック,ソリオ,
今井西町サニーハイム月極駐車場,神奈川県川崎市中原区今井西町2,ベーシック,ヤリス（ハイブリッド）,MXPH10型/MXPH15型（2021年-2023年）
元住吉木月１丁目,神奈川県川崎市中原区木月1-15,ベーシック,ライズ,A200A型（2019年-2021年）
川崎宮内第三月極,神奈川県川崎市中原区宮内4-29,ベーシック,ライズ,A200A型（2019年-2021年）
川崎宮内１丁目月極,神奈川県川崎市中原区宮内1-11,ベーシック,MAZDA2,ジュニアシートなし
川崎宮内１丁目月極,神奈川県川崎市中原区宮内1-11,ベーシック,ノート e-POWER,ジュニアシートなし
斉藤パーキング元住吉,神奈川県川崎市中原区木月祗園町7,ベーシック,ルークス,
木月伊勢町月極,神奈川県川崎市中原区木月伊勢町10,ベーシック,ヤリス（ハイブリッド）,MXPH10型/MXPH15型（2021年-2023年）
木月住吉町第２駐車場,神奈川県川崎市中原区木月住吉町5-22,ベーシック,N BOX,
木月住吉町第２駐車場,神奈川県川崎市中原区木月住吉町5-22,ベーシック,ソリオ,
武蔵小杉ＧＡＴＥ　ＨＯＵＳＥ,神奈川県川崎市中原区新丸子東3-946,プレミアム,ノア（ハイブリッド）,車両のトラブル、事故、無断延長などでご利用いただけない場合、同一車種での代替車両がご提供できません。あらかじめご了承ください。
藤第２,神奈川県川崎市中原区下小田中3-9,ベーシック,MAZDA2,ジュニアシートなし
藤第２,神奈川県川崎市中原区下小田中3-9,ベーシック,アクア（ハイブリッド）,ジュニアシートなし
藤第２,神奈川県川崎市中原区下小田中3-9,ベーシック,ノート e-POWER,
藤第２,神奈川県川崎市中原区下小田中3-9,ベーシック,フィット（ハイブリッド）,ジュニアシートなし
藤第２,神奈川県川崎市中原区下小田中3-9,ベーシック,フィット（ハイブリッド）,ジュニアシートなし
藤第２,神奈川県川崎市中原区下小田中3-9,ベーシック,ヤリスクロス（ハイブリッド）,
藤第２,神奈川県川崎市中原区下小田中3-9,ミドル,シエンタ（ハイブリッド）,ジュニアシートなし
藤第２,神奈川県川崎市中原区下小田中3-9,ミドル,フリード,
西加瀬月極駐車場,神奈川県川崎市中原区西加瀬12,ベーシック,MAZDA2,DJ型（2019年-2023年）
西加瀬月極駐車場,神奈川県川崎市中原区西加瀬12,ミドル,フリード,
ＧＯＴＥＮ武蔵小杉,神奈川県川崎市中原区小杉御殿町1-924,ベーシック,ヤリス（ハイブリッド）,MXPH10型/MXPH15型（2021年-2023年）
ＳＰＥＲＡＲＥ新丸子町,神奈川県川崎市中原区新丸子町 753,ベーシック,フィット,
ＳＰＥＲＡＲＥ新丸子町,神奈川県川崎市中原区新丸子町 753,ベーシック,ヤリス（ハイブリッド）,MXPH10型/MXPH15型（2021年-2023年）
ＵＲ木月住吉団地,神奈川県川崎市中原区木月住吉町23,ベーシック,ノート e-POWER,ジュニアシートなし
ＵＲ木月住吉団地,神奈川県川崎市中原区木月住吉町23,ベーシック,ヤリスクロス（ハイブリッド）,
ＵＲ木月住吉団地,神奈川県川崎市中原区木月住吉町23,ベーシック,ヤリスクロス（ハイブリッド）,
ＵＲ木月住吉団地,神奈川県川崎市中原区木月住吉町23,プレミアム,セレナ,C27型/GNC27型（2016年-2022年） 車両のトラブル、事故、無断延長などでご利用いただけない場合、同一車種での代替車両がご提供できません。あらかじめご了承ください。
グランシャリオ久地,神奈川県川崎市高津区久地4-20,ベーシック,アクア（ハイブリッド）,
グランシャリオ久地,神奈川県川崎市高津区久地4-20,ベーシック,スイフト,
グランシャリオ溝口,神奈川県川崎市高津区坂戸1-12,ベーシック,ヤリスクロス（ハイブリッド）,
グランシャリオ溝口,神奈川県川崎市高津区坂戸1-12,ベーシック,ライズ,A200A型（2019年-2021年）
グランレガート武蔵新城,神奈川県川崎市高津区末長4-17,ベーシック,ノート e-POWER,
グリーンテラス千年,神奈川県川崎市高津区千年58,ベーシック,ノート e-POWER,
グリーンテラス千年,神奈川県川崎市高津区千年58,ベーシック,ヤリス（ハイブリッド）,
グレイスミスズ向ヶ丘,神奈川県川崎市高津区向ヶ丘78-2,ベーシック,N BOX,
サンパティーク高津,神奈川県川崎市高津区溝口4-5,ベーシック,ウェイク,ジュニアシートなし
サンパティーク高津,神奈川県川崎市高津区溝口4-5,ベーシック,ウェイク,
シエロウィステリア駐車場,神奈川県川崎市高津区久地4-22,ベーシック,ヤリス（ハイブリッド）,MXPH10型/MXPH15型（2021年-2023年）
ステイシアヴィラージュ駐車場,神奈川県川崎市高津区坂戸3-19,ベーシック,MAZDA2,ジュニアシートなし
ステイシアヴィラージュ駐車場,神奈川県川崎市高津区坂戸3-19,ベーシック,アクア（ハイブリッド）,ジュニアシートなし
タイムズマンスリー高津区子母口,神奈川県川崎市高津区子母口276,ベーシック,ルークス,ジュニアシートなし
タイムズマンスリー高津区子母口,神奈川県川崎市高津区子母口276,ベーシック,ソリオ,
タイムズマンスリー高津区子母口,神奈川県川崎市高津区子母口276,ベーシック,ルーミー 1000,
タイムズマンスリー高津区子母口,神奈川県川崎市高津区子母口276,ベーシック,ライズ,A200A型（2019年-2021年）
タイムズ上作延第２,神奈川県川崎市高津区上作延533,ベーシック,ヤリス（ハイブリッド）,MXPH10型/MXPH15型（2021年-2023年） ジュニアシートなし
タイムズ下作延,神奈川県川崎市高津区下作延2-30,ベーシック,アクア（ハイブリッド）,
タイムズ下作延,神奈川県川崎市高津区下作延2-30,ベーシック,ノート e-POWER,
タイムズ下作延,神奈川県川崎市高津区下作延2-30,ミドル,フリード,ジュニアシートなし
タイムズ下作延,神奈川県川崎市高津区下作延2-30,ミドル,CX-30 2000（M-ハイブリッド）,
タイムズ下野毛第２,神奈川県川崎市高津区下野毛3-15,ベーシック,フィット（ハイブリッド）,
タイムズ下野毛第２,神奈川県川崎市高津区下野毛3-15,ベーシック,ヤリス（ハイブリッド）,MXPH10型/MXPH15型（2021年-2023年）
タイムズ下野毛第２,神奈川県川崎市高津区下野毛3-15,ベーシック,ヤリスクロス（ハイブリッド）,
タイムズ下野毛第２,神奈川県川崎市高津区下野毛3-15,ベーシック,ライズ,A200A型（2019年-2021年）
タイムズ下野毛第２,神奈川県川崎市高津区下野毛3-15,ミドル,プリウス（ハイブリッド）,
タイムズ下野毛第２,神奈川県川崎市高津区下野毛3-15,プレミアム,セレナ,C27型/GNC27型（2016年-2022年） 車両のトラブル、事故、無断延長などでご利用いただけない場合、同一車種での代替車両がご提供できません。あらかじめご了承ください。
タイムズ下野毛第３,神奈川県川崎市高津区下野毛1-11,ベーシック,ワゴンRスマイル 660,
タイムズ下野毛第３,神奈川県川崎市高津区下野毛1-11,ベーシック,オーラ e-POWER,
タイムズ下野毛第３,神奈川県川崎市高津区下野毛1-11,ベーシック,ヤリス（ハイブリッド）,MXPH10型/MXPH15型（2021年-2023年）
タイムズ下野毛第３,神奈川県川崎市高津区下野毛1-11,ミドル,シエンタ（ハイブリッド）,ジュニアシートなし
タイムズ久地,神奈川県川崎市高津区久地858,ベーシック,アクア（ハイブリッド）,
タイムズ久地,神奈川県川崎市高津区久地858,ベーシック,ライズ,A200A型（2019年-2021年）
タイムズ久地第２,神奈川県川崎市高津区久地856,ベーシック,フィット,
タイムズ久地第２,神奈川県川崎市高津区久地856,ベーシック,ヤリス（ハイブリッド）,MXPH10型/MXPH15型（2021年-2023年）
タイムズ久地１丁目,神奈川県川崎市高津区久地1-5,ベーシック,アクア（ハイブリッド）,
タイムズ久地２丁目,神奈川県川崎市高津区久地2-4,ベーシック,ソリオ,
タイムズ二子新地駅前第３,神奈川県川崎市高津区瀬田6,ベーシック,ヤリス（ハイブリッド）,
タイムズ二子新地駅前第３,神奈川県川崎市高津区瀬田6,ベーシック,MAZDA3 5HB 1500,
タイムズ二子新地駅前第３,神奈川県川崎市高津区瀬田6,ミドル,シエンタ（ハイブリッド）,
タイムズ千年新町第２,神奈川県川崎市高津区千年新町16,ベーシック,アクア（ハイブリッド）,
タイムズ千年新町第２,神奈川県川崎市高津区千年新町16,ベーシック,ヤリス（ハイブリッド）,MXPH10型/MXPH15型（2021年-2023年）
タイムズ千年新町第２,神奈川県川崎市高津区千年新町16,ミドル,シエンタ,NSP170G型/NCP175G型（2015年-2022年）
タイムズ千年新町第２,神奈川県川崎市高津区千年新町16,ミドル,CX-5 2000,
タイムズ千年第２,神奈川県川崎市高津区千年929,ベーシック,オーラ e-POWER,
タイムズ千年第２,神奈川県川崎市高津区千年929,ベーシック,ヤリス（ハイブリッド）,MXPH10型/MXPH15型（2021年-2023年）
タイムズ千年第２,神奈川県川崎市高津区千年929,ベーシック,ヤリス（ハイブリッド）,MXPH10型/MXPH15型（2021年-2023年）
タイムズ川崎二子,神奈川県川崎市高津区二子5-11,ベーシック,スイフト,
タイムズ川崎二子,神奈川県川崎市高津区二子5-11,ベーシック,ヤリス（ハイブリッド）,MXPH10型/MXPH15型（2021年-2023年）
タイムズ川崎二子,神奈川県川崎市高津区二子5-11,ベーシック,ライズ,A200A型（2019年-2021年）
タイムズ川崎梶が谷,神奈川県川崎市高津区末長449,ベーシック,ヤリス（ハイブリッド）,MXPH10型/MXPH15型（2021年-2023年）
タイムズ末長第２,神奈川県川崎市高津区末長1290,ベーシック,アクア（ハイブリッド）,
タイムズ末長第２,神奈川県川崎市高津区末長1290,ベーシック,ヤリスクロス（ハイブリッド）,
タイムズ末長第２,神奈川県川崎市高津区末長1290,ミドル,シエンタ（ハイブリッド）,ジュニアシートなし
タイムズ末長第２,神奈川県川崎市高津区末長1290,ミドル,CX-5 2000,
タイムズ末長第５,神奈川県川崎市高津区末長3-25,ベーシック,フィット（ハイブリッド）,
タイムズ末長１丁目,神奈川県川崎市高津区末長1-44,ベーシック,ヤリス（ハイブリッド）,MXPH10型/MXPH15型（2021年-2023年）
タイムズ末長１丁目,神奈川県川崎市高津区末長1-44,ミドル,フリード,
タイムズ末長１丁目,神奈川県川崎市高津区末長1-44,ミドル,CX-30 2000（M-ハイブリッド）,
タイムズ梶ヶ谷３丁目,神奈川県川崎市高津区梶ケ谷3-12,ベーシック,ノート e-POWER,
タイムズ梶ヶ谷３丁目,神奈川県川崎市高津区梶ケ谷3-12,ベーシック,ノート e-POWER,
タイムズ梶ヶ谷３丁目,神奈川県川崎市高津区梶ケ谷3-12,ベーシック,ヤリス（ハイブリッド）,MXPH10型/MXPH15型（2021年-2023年）
タイムズ梶ヶ谷３丁目,神奈川県川崎市高津区梶ケ谷3-12,ベーシック,ヤリスクロス（ハイブリッド）,
タイムズ梶ヶ谷３丁目,神奈川県川崎市高津区梶ケ谷3-12,ベーシック,ヤリスクロス（ハイブリッド）,
タイムズ梶ヶ谷３丁目,神奈川県川崎市高津区梶ケ谷3-12,ベーシック,ライズ,A200A型（2019年-2021年）
タイムズ梶ヶ谷３丁目,神奈川県川崎市高津区梶ケ谷3-12,ミドル,シエンタ（ハイブリッド）,
タイムズ梶ヶ谷３丁目,神奈川県川崎市高津区梶ケ谷3-12,ミドル,シエンタ（ハイブリッド）,
タイムズ梶ヶ谷３丁目,神奈川県川崎市高津区梶ケ谷3-12,ミドル,CX-30 2000（M-ハイブリッド）,
タイムズ梶ヶ谷３丁目第２,神奈川県川崎市高津区梶ケ谷3-5,ベーシック,ノート,
タイムズ梶ヶ谷３丁目第２,神奈川県川崎市高津区梶ケ谷3-5,ベーシック,ライズ,A200A型（2019年-2021年）
タイムズ梶ヶ谷３丁目第２,神奈川県川崎市高津区梶ケ谷3-5,ベーシック,ライズ,A200A型（2019年-2021年）
タイムズ梶ヶ谷３丁目第２,神奈川県川崎市高津区梶ケ谷3-5,ミドル,シエンタ,NSP170G型/NCP175G型（2015年-2022年）
タイムズ武蔵新城第７,神奈川県川崎市高津区新作5-23,ベーシック,オーラ e-POWER,
タイムズ武蔵新城第７,神奈川県川崎市高津区新作5-23,ベーシック,ヤリス（ハイブリッド）,MXPH10型/MXPH15型（2021年-2023年）
タイムズ溝口駅前第５（ＥＶ）,神奈川県川崎市高津区溝口2-11,ミドル,リーフ,
タイムズ虎の門病院分院第２,神奈川県川崎市高津区梶ケ谷1,ベーシック,ハスラー,
タイムズ虎の門病院分院第２,神奈川県川崎市高津区梶ケ谷1,ミドル,フリード,
タイムズ高津区久末第２,神奈川県川崎市高津区久末455,ベーシック,オーラ e-POWER,ジュニアシートなし
タイムズ高津区末長,神奈川県川崎市高津区末長1071,ベーシック,アクア（ハイブリッド）,
タイムズ高津区末長,神奈川県川崎市高津区末長1071,ベーシック,ヤリス（ハイブリッド）,MXPH10型/MXPH15型（2021年-2023年）
テラスハウス１７７,神奈川県川崎市高津区子母口177,ベーシック,スイフト(ハイブリッド/1200cc),
ニューオーク武蔵新城,神奈川県川崎市高津区新作6-9,ベーシック,フィット,
ニューオーク武蔵新城,神奈川県川崎市高津区新作6-9,ベーシック,ヤリス（ハイブリッド）,MXPH10型/MXPH15型（2021年-2023年）
フォンティーヌ津田山,神奈川県川崎市高津区下作延4-4,ベーシック,アクア（ハイブリッド）,
フロール梶が谷,神奈川県川崎市高津区上作延南原1122,ベーシック,アクア（ハイブリッド）,
フロール梶が谷,神奈川県川崎市高津区上作延南原1122,ベーシック,ノート,
フロール梶が谷,神奈川県川崎市高津区上作延南原1122,ベーシック,MAZDA3 5HB 1500,
フロール梶が谷,神奈川県川崎市高津区上作延南原1122,ミドル,フリード,
フロール梶が谷,神奈川県川崎市高津区上作延南原1122,プレミアム,セレナ,車両のトラブル、事故、無断延長などでご利用いただけない場合、同一車種での代替車両がご提供できません。あらかじめご了承ください。ジュニアシートなし
フローレンス千年,神奈川県川崎市高津区千年73-1,ベーシック,ルークス,ジュニアシートなし
プラウド溝の口イースト,神奈川県川崎市高津区久本3-4,ベーシック,アクア（ハイブリッド）,
プラウド溝の口イースト,神奈川県川崎市高津区久本3-4,ベーシック,ヤリス（ハイブリッド）,ジュニアシートなし
ベルメリッサ北見方２丁目,神奈川県川崎市高津区北見方2-17,ベーシック,ソリオ,
ベルメリッサ北見方２丁目,神奈川県川崎市高津区北見方2-17,ベーシック,ルーミー 1000,
ユーアイアムール坂戸,神奈川県川崎市高津区坂戸1-17,ベーシック,MAZDA3 5HB 1500,ジュニアシートなし
上作延１号棟月極,神奈川県川崎市高津区上作延 650,ベーシック,ライズ,A200A型（2019年-2021年）
上作延２号棟月極,神奈川県川崎市高津区上作延 650,ベーシック,アクア（ハイブリッド）,
上作延３号棟月極,神奈川県川崎市高津区上作延650,ベーシック,ヤリス（ハイブリッド）,MXPH10型/MXPH15型（2021年-2023年）
下作延月極,神奈川県川崎市高津区下作延2-30,ベーシック,ノート e-POWER,
下作延月極,神奈川県川崎市高津区下作延2-30,ベーシック,ヤリスクロス（ハイブリッド）,
下作延７丁目月極,神奈川県川崎市高津区下作延7-7,ベーシック,N BOX,
下作延７丁目月極,神奈川県川崎市高津区下作延7-7,ベーシック,N BOX,
久地駅月極第２,神奈川県川崎市高津区久地4-25,ベーシック,フィット（ハイブリッド）,
久地駅月極第２,神奈川県川崎市高津区久地4-25,ミドル,CX-30 2000（M-ハイブリッド）,ジュニアシートなし
久地駅月極第３,神奈川県川崎市高津区久地4-21,ベーシック,MAZDA2,DJ型（2019年-2023年）
久地駅月極第３,神奈川県川崎市高津区久地4-21,ベーシック,アクア（ハイブリッド）,ジュニアシートなし
久地駅月極第３,神奈川県川崎市高津区久地4-21,ベーシック,ヤリス（ハイブリッド）,MXPH10型/MXPH15型（2021年-2023年）
久地駅月極第３,神奈川県川崎市高津区久地4-21,ベーシック,ヤリスクロス（ハイブリッド）,
久地４丁目,神奈川県川崎市高津区久地4-5,ミドル,C-HR（ハイブリッド）,ジュニアシートなし
二子新地月極第１,神奈川県川崎市高津区諏訪1-7,ベーシック,ワゴンRスマイル 660,ジュニアシートなし
二子新地月極第１,神奈川県川崎市高津区諏訪1-7,ベーシック,MAZDA2,
二子新地月極第１,神奈川県川崎市高津区諏訪1-7,ベーシック,オーラ e-POWER,ジュニアシートなし
二子新地月極第１,神奈川県川崎市高津区諏訪1-7,ベーシック,ヤリス（ハイブリッド）,MXPH10型/MXPH15型（2021年-2023年）
二子新地月極第１,神奈川県川崎市高津区諏訪1-7,ベーシック,MAZDA3 5HB 1500,
二子新地月極第１,神奈川県川崎市高津区諏訪1-7,ミドル,シエンタ（ハイブリッド）,
二子新地月極第２,神奈川県川崎市高津区諏訪1-16,ベーシック,アクア（ハイブリッド）,
二子新地月極第２,神奈川県川崎市高津区諏訪1-16,ベーシック,ヤリス（ハイブリッド）,MXPH10型/MXPH15型（2021年-2023年）
二子新地月極第３,神奈川県川崎市高津区諏訪1-9,ベーシック,MAZDA3 5HB 1500,
二子新地月極第３,神奈川県川崎市高津区諏訪1-9,ミドル,シエンタ（ハイブリッド）,
北見方３丁目グレースコート翡翠館,神奈川県川崎市高津区北見方3-11,ベーシック,ソリオ,ジュニアシートなし
坂戸１丁目北斗マンション,神奈川県川崎市高津区坂戸1-8,ベーシック,ルーミー 1000,ジュニアシートなし
坂戸３丁目月極,神奈川県川崎市高津区坂戸3-9,ベーシック,アクア（ハイブリッド）,ジュニアシートなし
坂戸３丁目月極,神奈川県川崎市高津区坂戸3-9,ベーシック,ヤリス（ハイブリッド）,ジュニアシートなし
川崎二子プロヴァンス,神奈川県川崎市高津区二子5-11,ベーシック,ハスラー,
新作６丁目月極,神奈川県川崎市高津区新作6-13,ベーシック,ワゴンRスマイル 660,
新作６丁目月極,神奈川県川崎市高津区新作6-13,ベーシック,MAZDA2,DJ型（2019年-2023年）
新作６丁目月極,神奈川県川崎市高津区新作6-13,ベーシック,ノート e-POWER,
新作６丁目月極,神奈川県川崎市高津区新作6-13,ベーシック,ヤリス（ハイブリッド）,MXPH10型/MXPH15型（2021年-2023年）
新作６丁目月極,神奈川県川崎市高津区新作6-13,ミドル,フリード,
末長ウィスタリアマンション,神奈川県川崎市高津区末長2-10,ベーシック,ノート e-POWER,
末長３丁目月極,神奈川県川崎市高津区末長3-31,ベーシック,MAZDA2,
末長３丁目月極,神奈川県川崎市高津区末長3-31,ベーシック,ノート,
末長３丁目月極,神奈川県川崎市高津区末長3-31,ベーシック,ノート e-POWER,
末長３丁目月極,神奈川県川崎市高津区末長3-31,ベーシック,ヤリス（ハイブリッド）,MXPH10型/MXPH15型（2021年-2023年）
末長Ｂ駐車場,神奈川県川崎市高津区末長1-24,ベーシック,アクア（ハイブリッド）,ジュニアシートなし
東野川２丁目吉田駐車場,神奈川県川崎市高津区東野川2-35,ベーシック,ライズ（ハイブリッド）,ジュニアシートなし
梶が谷月極,神奈川県川崎市高津区末長1-48,ベーシック,ヤリス（ハイブリッド）,MXPH10型/MXPH15型（2021年-2023年）
梶が谷月極,神奈川県川崎市高津区末長1-48,ベーシック,ライズ,A200A型（2019年-2021年）
梶ケ谷二丁目月極,神奈川県川崎市高津区梶ケ谷2-1,ベーシック,MAZDA2,
梶ケ谷二丁目月極,神奈川県川崎市高津区梶ケ谷2-1,ベーシック,ヤリスクロス（ハイブリッド）,ジュニアシートなし
梶ケ谷二丁目月極,神奈川県川崎市高津区梶ケ谷2-1,ミドル,CX-30 2000（M-ハイブリッド）,
武笠立体駐車場,神奈川県川崎市高津区坂戸1-19,ベーシック,アクア（ハイブリッド）,
武笠立体駐車場,神奈川県川崎市高津区坂戸1-19,ベーシック,ソリオ,
武笠立体駐車場２階,神奈川県川崎市高津区坂戸1-19,ベーシック,ノート e-POWER,
武笠立体駐車場２階,神奈川県川崎市高津区坂戸1-19,ミドル,シエンタ,NSP170G型/NCP175G型（2015年-2022年）
津田山小泉第２駐車場,神奈川県川崎市高津区下作延5-2,ベーシック,ヤリス（ハイブリッド）,MXPH10型/MXPH15型（2021年-2023年） ジュニアシートなし
溝口１丁目２０,神奈川県川崎市高津区溝口1-20,ベーシック,ハスラー,ジュニアシートなし
溝口１丁目２０,神奈川県川崎市高津区溝口1-20,ベーシック,ヤリス（ハイブリッド）,MXPH10型/MXPH15型（2021年-2023年） ジュニアシートなし
蟹ヶ谷駐車場,神奈川県川崎市高津区蟹ケ谷 155,ベーシック,MAZDA2,DJ型（2019年-2023年）
蟹ヶ谷駐車場,神奈川県川崎市高津区蟹ケ谷 155,ベーシック,アクア（ハイブリッド）,
蟹ヶ谷駐車場,神奈川県川崎市高津区蟹ケ谷 155,ベーシック,ライズ（ハイブリッド）,
高津区久本２丁目月極,神奈川県川崎市高津区久本2-14,ベーシック,アクア（ハイブリッド）,ジュニアシートなし
高津区二子４丁目,神奈川県川崎市高津区二子4-16,ベーシック,N BOX,
高津区千年駐車場,神奈川県川崎市高津区千年,ベーシック,フィット,
高津区千年駐車場,神奈川県川崎市高津区千年,ベーシック,ライズ,A200A型（2019年-2021年）
高津区子母口ガーディアンケンズ,神奈川県川崎市高津区子母口81,ベーシック,ライズ,A200A型（2019年-2021年）
高津区末長１丁目,神奈川県川崎市高津区末長1-37,プレミアム,ノア,R80型（2014年-2022年） 車両のトラブル、事故、無断延長などでご利用いただけない場合、同一車種での代替車両がご提供できません。あらかじめご了承ください。
高津区諏訪３丁目,神奈川県川崎市高津区諏訪3-18,ベーシック,アクア（ハイブリッド）,
高津区諏訪３丁目,神奈川県川崎市高津区諏訪3-18,ベーシック,ヤリスクロス（ハイブリッド）,
高津区諏訪３丁目,神奈川県川崎市高津区諏訪3-18,プレミアム,セレナ,車両のトラブル、事故、無断延長などでご利用いただけない場合、同一車種での代替車両がご提供できません。あらかじめご了承ください。
高津区諏訪３丁目　まる善諏訪第二,神奈川県川崎市高津区諏訪3-20,ベーシック,ヤリス（ハイブリッド）,MXPH10型/MXPH15型（2021年-2023年）
高津区Ｋパーク月極,神奈川県川崎市高津区坂戸1-13,ベーシック,アクア（ハイブリッド）,
高津区Ｋパーク月極,神奈川県川崎市高津区坂戸1-13,ベーシック,ノート e-POWER,ジュニアシートなし
ＵＲアーバンハイツみぞのくち,神奈川県川崎市高津区下作延4-22,ベーシック,N BOX,
ＵＲアーバンハイツみぞのくち,神奈川県川崎市高津区下作延4-22,ベーシック,MAZDA3 5HB 1500,
ウッドソーレ第１月極,神奈川県川崎市多摩区登戸1936,ベーシック,ノート e-POWER,
ウッドソーレ第１月極,神奈川県川崎市多摩区登戸1936,ベーシック,フィット,
エステートピア駐車場,神奈川県川崎市多摩区菅5-2,ベーシック,アクア（ハイブリッド）,
エステートピア駐車場,神奈川県川崎市多摩区菅5-2,ベーシック,ヤリス（ハイブリッド）,MXPH10型/MXPH15型（2021年-2023年）
エステートピア駐車場,神奈川県川崎市多摩区菅5-2,ミドル,C-HR（ハイブリッド）,
カーサ・オランジュ,神奈川県川崎市多摩区西生田3-6,ベーシック,スイフト,
カーサ・オランジュ,神奈川県川崎市多摩区西生田3-6,ベーシック,ヤリス（ハイブリッド）,MXPH10型/MXPH15型（2021年-2023年）
グロービィア川崎多摩,神奈川県川崎市多摩区菅5-7,ベーシック,ヤリス（ハイブリッド）,MXPH10型/MXPH15型（2021年-2023年）
グロービィア川崎多摩,神奈川県川崎市多摩区菅5-7,ベーシック,ヤリス（ハイブリッド）,MXPH10型/MXPH15型（2021年-2023年）
サンリスタ登戸駐車場,神奈川県川崎市多摩区登戸88,ベーシック,ソリオ,
サンリスタ登戸駐車場,神奈川県川崎市多摩区登戸88,ベーシック,ヤリス（ハイブリッド）,MXPH10型/MXPH15型（2021年-2023年） ジュニアシートなし
ソレアード向ヶ丘,神奈川県川崎市多摩区宿河原6-40,ベーシック,ルークス,
タイムズ中野島第２,神奈川県川崎市多摩区中野島6-7,ベーシック,オーラ e-POWER,ジュニアシートなし
タイムズ中野島第２,神奈川県川崎市多摩区中野島6-7,ベーシック,フィット,
タイムズ中野島第２,神奈川県川崎市多摩区中野島6-7,ベーシック,ヤリス（ハイブリッド）,MXPH10型/MXPH15型（2021年-2023年）
タイムズ中野島第２,神奈川県川崎市多摩区中野島6-7,ベーシック,ライズ,A200A型（2019年-2021年）
タイムズ中野島第５,神奈川県川崎市多摩区中野島2-16,ベーシック,ワゴンRスマイル 660,
タイムズ中野島第５,神奈川県川崎市多摩区中野島2-16,ベーシック,アクア（ハイブリッド）,ジュニアシートなし
タイムズ中野島第５,神奈川県川崎市多摩区中野島2-16,ベーシック,ヤリス（ハイブリッド）,MXPH10型/MXPH15型（2021年-2023年）
タイムズ中野島第５,神奈川県川崎市多摩区中野島2-16,ベーシック,ヤリス（ハイブリッド）,MXPH10型/MXPH15型（2021年-2023年） ジュニアシートなし
タイムズ中野島第６,神奈川県川崎市多摩区中野島4-21,ベーシック,ワゴンRスマイル 660,
タイムズ中野島第６,神奈川県川崎市多摩区中野島4-21,ベーシック,MAZDA2,DJ型（2019年-2023年）
タイムズ中野島第６,神奈川県川崎市多摩区中野島4-21,ベーシック,ヤリス（ハイブリッド）,MXPH10型/MXPH15型（2021年-2023年）
タイムズ中野島第６,神奈川県川崎市多摩区中野島4-21,ミドル,CX-30 2000（M-ハイブリッド）,
タイムズ京王稲田堤駅前,神奈川県川崎市多摩区菅2-10,ベーシック,N BOX,
タイムズ京王稲田堤駅前,神奈川県川崎市多摩区菅2-10,ベーシック,MAZDA2,DJ型（2019年-2023年）
タイムズ京王稲田堤駅前,神奈川県川崎市多摩区菅2-10,ベーシック,アクア（ハイブリッド）,ジュニアシートなし
タイムズ京王稲田堤駅前,神奈川県川崎市多摩区菅2-10,ベーシック,ソリオ,ジュニアシートなし
タイムズ京王稲田堤駅前,神奈川県川崎市多摩区菅2-10,ベーシック,ソリオ,
タイムズ京王稲田堤駅前,神奈川県川崎市多摩区菅2-10,ベーシック,ノート e-POWER,ジュニアシートなし
タイムズ京王稲田堤駅前,神奈川県川崎市多摩区菅2-10,ベーシック,ノート e-POWER,
タイムズ京王稲田堤駅前,神奈川県川崎市多摩区菅2-10,ベーシック,ノート e-POWER,
タイムズ京王稲田堤駅前,神奈川県川崎市多摩区菅2-10,ベーシック,ヤリス（ハイブリッド）,MXPH10型/MXPH15型（2021年-2023年）
タイムズ京王稲田堤駅前,神奈川県川崎市多摩区菅2-10,ベーシック,ヤリス（ハイブリッド）,MXPH10型/MXPH15型（2021年-2023年）
タイムズ京王稲田堤駅前,神奈川県川崎市多摩区菅2-10,ベーシック,ヤリス（ハイブリッド）,MXPH10型/MXPH15型（2021年-2023年） ジュニアシートなし
タイムズ向ヶ丘遊園北口第２,神奈川県川崎市多摩区登戸1737,ベーシック,ハスラー,
タイムズ向ヶ丘遊園北口第２,神奈川県川崎市多摩区登戸1737,ベーシック,ライズ,A200A型（2019年-2021年） ジュニアシートなし
タイムズ向ヶ丘遊園北口第２（ＥＶ）,神奈川県川崎市多摩区登戸1737,ミドル,リーフ,
タイムズ向ヶ丘遊園北口第３,神奈川県川崎市多摩区登戸1885,ベーシック,ウェイク,
タイムズ向ヶ丘遊園北口第３,神奈川県川崎市多摩区登戸1885,ベーシック,アクア（ハイブリッド）,
タイムズ向ヶ丘遊園北口第３,神奈川県川崎市多摩区登戸1885,ベーシック,ノート e-POWER,
タイムズ堰３丁目,神奈川県川崎市多摩区堰3-11,ベーシック,ライズ,A200A型（2019年-2021年） ジュニアシートなし
タイムズ多摩区長尾,神奈川県川崎市多摩区長尾3-1,ベーシック,ヤリス（ハイブリッド）,MXPH10型/MXPH15型（2021年-2023年）
タイムズ宿河原第３,神奈川県川崎市多摩区宿河原3-11,ベーシック,N BOX,
タイムズ宿河原第３,神奈川県川崎市多摩区宿河原3-11,ベーシック,ヤリス（ハイブリッド）,
タイムズ宿河原第３,神奈川県川崎市多摩区宿河原3-11,ベーシック,ヤリス（ハイブリッド）,MXPH10型/MXPH15型（2021年-2023年） ジュニアシートなし
タイムズ宿河原第３,神奈川県川崎市多摩区宿河原3-11,ベーシック,ヤリスクロス（ハイブリッド）,ジュニアシートなし
タイムズ宿河原第３,神奈川県川崎市多摩区宿河原3-11,ベーシック,ライズ,A200A型（2019年-2021年）
タイムズ宿河原第３,神奈川県川崎市多摩区宿河原3-11,ミドル,シエンタ,NSP170G型/NCP175G型（2015年-2022年）
タイムズ宿河原第３,神奈川県川崎市多摩区宿河原3-11,プレミアム,ノア（ハイブリッド）,車両のトラブル、事故、無断延長などでご利用いただけない場合、同一車種での代替車両がご提供できません。あらかじめご了承ください。
タイムズ東生田,神奈川県川崎市多摩区東生田1-13,ベーシック,ヤリス（ハイブリッド）,MXPH10型/MXPH15型（2021年-2023年）
タイムズ東生田,神奈川県川崎市多摩区東生田1-13,ベーシック,MAZDA3 5HB 1500,
タイムズ東生田,神奈川県川崎市多摩区東生田1-13,ベーシック,ヤリスクロス（ハイブリッド）,
タイムズ東生田,神奈川県川崎市多摩区東生田1-13,ベーシック,ライズ,A200A型（2019年-2021年）
タイムズ東生田,神奈川県川崎市多摩区東生田1-13,ミドル,シエンタ（ハイブリッド）,
タイムズ東生田,神奈川県川崎市多摩区東生田1-13,ミドル,C-HR（ハイブリッド）,
タイムズ生田第３,神奈川県川崎市多摩区生田8-8,ベーシック,アクア（ハイブリッド）,
タイムズ生田第３,神奈川県川崎市多摩区生田8-8,ベーシック,MAZDA3 5HB 1500,
タイムズ生田第３,神奈川県川崎市多摩区生田8-8,ベーシック,ライズ,A200A型（2019年-2021年）
タイムズ生田第３（ＥＶ）,神奈川県川崎市多摩区生田8-8,ミドル,リーフ,
タイムズ登戸新町,神奈川県川崎市多摩区登戸新町353,ベーシック,ソリオ,
タイムズ登戸新町,神奈川県川崎市多摩区登戸新町353,ベーシック,ヤリス（ハイブリッド）,MXPH10型/MXPH15型（2021年-2023年）
タイムズ登戸新町,神奈川県川崎市多摩区登戸新町353,プレミアム,ノア,R80型（2014年-2022年） 車両のトラブル、事故、無断延長などでご利用いただけない場合、同一車種での代替車両がご提供できません。あらかじめご了承ください。ジュニアシートなし
タイムズ登戸新町第２,神奈川県川崎市多摩区登戸新町371,ベーシック,アクア（ハイブリッド）,ジュニアシートなし
タイムズ登戸新町第４,神奈川県川崎市多摩区登戸新町397,ベーシック,ヤリスクロス（ハイブリッド）,
タイムズ登戸新町第４,神奈川県川崎市多摩区登戸新町397,ミドル,シエンタ（ハイブリッド）,ジュニアシートなし
タイムズ登戸第５,神奈川県川崎市多摩区登戸3145,ベーシック,ヤリス（ハイブリッド）,MXPH10型/MXPH15型（2021年-2023年）
タイムズ登戸第５,神奈川県川崎市多摩区登戸3145,ベーシック,ヤリスクロス（ハイブリッド）,
タイムズ登戸第５,神奈川県川崎市多摩区登戸3145,ミドル,フリード,ジュニアシートなし
タイムズ登戸第５,神奈川県川崎市多摩区登戸3145,プレミアム,ノア,R80型（2014年-2022年） 車両のトラブル、事故、無断延長などでご利用いただけない場合、同一車種での代替車両がご提供できません。あらかじめご了承ください。
タイムズ稲田堤,神奈川県川崎市多摩区菅1-6,ベーシック,ライズ,A200A型（2019年-2021年）
タイムズ読売ランド前駅前,神奈川県川崎市多摩区西生田1-10,ベーシック,ヤリス（ハイブリッド）,
タイムズ読売ランド前駅前,神奈川県川崎市多摩区西生田1-10,ベーシック,ヤリス（ハイブリッド）,MXPH10型/MXPH15型（2021年-2023年）
タイムズ長尾２丁目,神奈川県川崎市多摩区長尾2-7,ベーシック,ノート e-POWER,ジュニアシートなし
タイムズ長尾２丁目,神奈川県川崎市多摩区長尾2-7,ベーシック,ライズ,A200A型（2019年-2021年）
トリプルワン,神奈川県川崎市多摩区長尾1-1,ベーシック,ヤリス（ハイブリッド）,MXPH10型/MXPH15型（2021年-2023年）
プラウド中野島,神奈川県川崎市多摩区布田2,ベーシック,ソリオ,
ボヌール橋場,神奈川県川崎市多摩区長沢1-18,ベーシック,ノート e-POWER,ジュニアシートなし
ボヌール橋場,神奈川県川崎市多摩区長沢1-18,ベーシック,ヤリス（ハイブリッド）,
ルシエル中野島,神奈川県川崎市多摩区菅馬場1-16,ベーシック,MAZDA2,DJ型（2019年-2023年）
ルシエル中野島,神奈川県川崎市多摩区菅馬場1-16,ミドル,シエンタ（ハイブリッド）,
三田１丁目月極,神奈川県川崎市多摩区三田1-20,ベーシック,アクア（ハイブリッド）,
三田１丁目月極,神奈川県川崎市多摩区三田1-20,ベーシック,ノート e-POWER,
中野島アスタック弐番館,神奈川県川崎市多摩区中野島5-15,ベーシック,アクア（ハイブリッド）,ジュニアシートなし
中野島アスタック弐番館,神奈川県川崎市多摩区中野島5-15,ミドル,フリード,
中野島月極駐車場,神奈川県川崎市多摩区布田18,ベーシック,アクア（ハイブリッド）,
中野島月極駐車場,神奈川県川崎市多摩区布田18,ベーシック,オーラ e-POWER,ジュニアシートなし
中野島月極駐車場,神奈川県川崎市多摩区布田18,ベーシック,ノート e-POWER,
中野島月極駐車場,神奈川県川崎市多摩区布田18,ベーシック,ヤリス（ハイブリッド）,ジュニアシートなし
中野島月極駐車場,神奈川県川崎市多摩区布田18,ベーシック,ヤリス（ハイブリッド）,MXPH10型/MXPH15型（2021年-2023年）
中野島月極駐車場,神奈川県川崎市多摩区布田18,ベーシック,ヤリスクロス（ハイブリッド）,ジュニアシートなし
中野島月極駐車場,神奈川県川崎市多摩区布田18,ベーシック,ライズ,A200A型（2019年-2021年） ジュニアシートなし
中野島月極駐車場,神奈川県川崎市多摩区布田18,ベーシック,ライズ（ハイブリッド）,
中野島月極駐車場,神奈川県川崎市多摩区布田18,ミドル,CX-30 2000（M-ハイブリッド）,
中野島２丁目ファミール前,神奈川県川崎市多摩区中野島2-12,ミドル,シエンタ,NSP170G型/NCP175G型（2015年-2022年）
中野島２丁目駐車場,神奈川県川崎市多摩区中野島2-14,ベーシック,フィット（ハイブリッド）,ジュニアシートなし
中野島６丁目駐車場,神奈川県川崎市多摩区中野島6-19,ベーシック,アクア（ハイブリッド）,
久地駅月極,神奈川県川崎市多摩区宿河原6-34,ベーシック,ルークス,
久地駅月極,神奈川県川崎市多摩区宿河原6-34,ベーシック,ワゴンRスマイル 660,ジュニアシートなし
向ヶ丘遊園第１駐車場（小田急）,神奈川県川崎市多摩区長尾2-10,ベーシック,ハスラー,
向ヶ丘遊園第１駐車場（小田急）,神奈川県川崎市多摩区長尾2-10,ベーシック,ヤリスクロス（ハイブリッド）,
堰２丁目河原駐車場,神奈川県川崎市多摩区堰2-8,ベーシック,N BOX,
堰３丁目月極,神奈川県川崎市多摩区堰3-11,ベーシック,ヤリス（ハイブリッド）,MXPH10型/MXPH15型（2021年-2023年）
多摩区栗谷４丁目,神奈川県川崎市多摩区栗谷4-8,ベーシック,ヤリスクロス（ハイブリッド）,
多摩区西生田３丁目,神奈川県川崎市多摩区西生田3-17,ベーシック,フィット（ハイブリッド）,
多摩区西生田３丁目,神奈川県川崎市多摩区西生田3-17,ベーシック,ヤリス（ハイブリッド）,MXPH10型/MXPH15型（2021年-2023年）
多摩区長沢２丁目,神奈川県川崎市多摩区長沢2-3,ベーシック,MAZDA2,ジュニアシートなし
多摩区長沢２丁目,神奈川県川崎市多摩区長沢2-3,ミドル,C-HR（ハイブリッド）,
宿河原ステラスタ,神奈川県川崎市多摩区宿河原2-29,ベーシック,スイフト(ハイブリッド/1200cc),
宿河原トウエンハイツ,神奈川県川崎市多摩区宿河原2-11,ベーシック,ヤリス（ハイブリッド）,MXPH10型/MXPH15型（2021年-2023年）
宿河原第３内月極,神奈川県川崎市多摩区宿河原3-11,ベーシック,ノート e-POWER,
宿河原第３内月極,神奈川県川崎市多摩区宿河原3-11,ベーシック,MAZDA3 5HB 1500,
枡形１丁目ＦＵＮＳ,神奈川県川崎市多摩区枡形1-8,ベーシック,ヤリス（ハイブリッド）,MXPH10型/MXPH15型（2021年-2023年） ジュニアシートなし
生田明大前月極,神奈川県川崎市多摩区三田2-3228,ベーシック,ノート e-POWER,
生田明大前月極,神奈川県川崎市多摩区三田2-3228,ベーシック,ヤリス（ハイブリッド）,MXPH10型/MXPH15型（2021年-2023年）
生田明大前月極,神奈川県川崎市多摩区三田2-3228,ミドル,フリード,ジュニアシートなし
生田明大前月極,神奈川県川崎市多摩区三田2-3228,ミドル,CX-5 2000,
生田明大前月極,神奈川県川崎市多摩区三田2-3228,プレミアム,ノア（ハイブリッド）,車両のトラブル、事故、無断延長などでご利用いただけない場合、同一車種での代替車両がご提供できません。あらかじめご了承ください。
生田第６駐車場,神奈川県川崎市多摩区生田7-12,ベーシック,ノート e-POWER,
生田第６駐車場,神奈川県川崎市多摩区生田7-12,ベーシック,ヤリス（ハイブリッド）,MXPH10型/MXPH15型（2021年-2023年）
生田第６駐車場,神奈川県川崎市多摩区生田7-12,ベーシック,ヤリスクロス（ハイブリッド）,
生田第６駐車場,神奈川県川崎市多摩区生田7-12,ミドル,フリード,
生田駅月極,神奈川県川崎市多摩区生田8-7,ベーシック,ライズ,A200A型（2019年-2021年）
生田駅月極,神奈川県川崎市多摩区生田8-7,ミドル,フリード,
登戸あずまや駐車場,神奈川県川崎市多摩区登戸 3317,ベーシック,ウェイク,
登戸あずまや駐車場,神奈川県川崎市多摩区登戸 3317,ベーシック,アクア（ハイブリッド）,NHP10型（2011年-2021年） ジュニアシートなし
登戸あずまや駐車場,神奈川県川崎市多摩区登戸 3317,ベーシック,ノート e-POWER,
登戸あずまや駐車場,神奈川県川崎市多摩区登戸 3317,ベーシック,ライズ,A200A型（2019年-2021年）
登戸プティボア駐車場,神奈川県川崎市多摩区登戸 71,ベーシック,アクア（ハイブリッド）,
登戸プティボア駐車場,神奈川県川崎市多摩区登戸 71,ベーシック,ノート e-POWER,
登戸プティボア駐車場,神奈川県川崎市多摩区登戸 71,ベーシック,ヤリス（ハイブリッド）,MXPH10型/MXPH15型（2021年-2023年）
登戸プティボア駐車場,神奈川県川崎市多摩区登戸 71,ミドル,シエンタ（ハイブリッド）,ジュニアシートなし
登戸駅メゾンベリテ,神奈川県川崎市多摩区登戸3231,ベーシック,オーラ e-POWER,ジュニアシートなし
登戸駅メゾンベリテ,神奈川県川崎市多摩区登戸3231,ミドル,フリード,ジュニアシートなし
登戸駅メゾンベリテ,神奈川県川崎市多摩区登戸3231,ミドル,C-HR（ハイブリッド）,ジュニアシートなし
登戸駅前エンデバー駐車場,神奈川県川崎市多摩区登戸　街区番号９３　区画番号９,ベーシック,ソリオ,ジュニアシートなし
登戸駅前第２月極駐車場,神奈川県川崎市多摩区登戸　2460,ベーシック,ウェイク,
登戸駅前第２月極駐車場,神奈川県川崎市多摩区登戸　2460,ベーシック,MAZDA2,DJ型（2019年-2023年）
登戸駅前第２月極駐車場,神奈川県川崎市多摩区登戸　2460,ベーシック,ヤリス（ハイブリッド）,MXPH10型/MXPH15型（2021年-2023年）
登戸駅前第２月極駐車場,神奈川県川崎市多摩区登戸　2460,ベーシック,ヤリスクロス（ハイブリッド）,
登戸駅前第２月極駐車場,神奈川県川崎市多摩区登戸　2460,ミドル,プリウス（ハイブリッド）,ジュニアシートなし
登戸駅前第２月極駐車場,神奈川県川崎市多摩区登戸　2460,ミドル,シエンタ,NSP170G型/NCP175G型（2015年-2022年）
登戸駅前第２月極駐車場,神奈川県川崎市多摩区登戸　2460,ミドル,シエンタ（ハイブリッド）,
登戸駅前第２月極駐車場,神奈川県川崎市多摩区登戸　2460,ミドル,フリード,ジュニアシートなし
登戸駅前第２月極駐車場,神奈川県川崎市多摩区登戸　2460,ミドル,CX-30 2000（M-ハイブリッド）,
登戸駅前第２月極駐車場,神奈川県川崎市多摩区登戸　2460,プレミアム,セレナ,C27型/GNC27型（2016年-2022年） 車両のトラブル、事故、無断延長などでご利用いただけない場合、同一車種での代替車両がご提供できません。あらかじめご了承ください。ジュニアシートなし
登戸駅前第２月極駐車場,神奈川県川崎市多摩区登戸　2460,プレミアム,ノア,R80型（2014年-2022年） 車両のトラブル、事故、無断延長などでご利用いただけない場合、同一車種での代替車両がご提供できません。あらかじめご了承ください。ジュニアシートなし
登戸駅西,神奈川県川崎市多摩区登戸2183,ベーシック,ソリオ,
登戸駅西,神奈川県川崎市多摩区登戸2183,ベーシック,ヤリス（ハイブリッド）,MXPH10型/MXPH15型（2021年-2023年）
登戸駅西,神奈川県川崎市多摩区登戸2183,ベーシック,ヤリスクロス（ハイブリッド）,
登戸駅西,神奈川県川崎市多摩区登戸2183,ミドル,フリード,
登戸８０７月極,神奈川県川崎市多摩区登戸807,ベーシック,フィット（ハイブリッド）,ジュニアシートなし
登戸８０７月極,神奈川県川崎市多摩区登戸807,ベーシック,ヤリス（ハイブリッド）,ジュニアシートなし
稲田堤グランドハイツ,神奈川県川崎市多摩区菅稲田堤1-17,ベーシック,MAZDA3 5HB 1500,
稲田堤グランドハイツ,神奈川県川崎市多摩区菅稲田堤1-17,ベーシック,ライズ,A200A型（2019年-2021年）
美山コーポ向ヶ丘,神奈川県川崎市多摩区東生田1-9,ベーシック,オーラ e-POWER,ジュニアシートなし
菅北浦２丁目,神奈川県川崎市多摩区菅北浦2-15,ベーシック,アクア（ハイブリッド）,
菅北浦２丁目,神奈川県川崎市多摩区菅北浦2-15,ベーシック,アクア（ハイブリッド）,
菅北浦２丁目月極,神奈川県川崎市多摩区菅北浦2-12,ベーシック,アクア（ハイブリッド）,ジュニアシートなし
菅北浦２丁目月極,神奈川県川崎市多摩区菅北浦2-12,ベーシック,ノート e-POWER,
菅６丁目フラッツ芝間,神奈川県川崎市多摩区菅6-13,ベーシック,ヤリスクロス（ハイブリッド）,ジュニアシートなし
長尾５丁目クレールＩＤＡ,神奈川県川崎市多摩区長尾5-1,ベーシック,ヤリス（ハイブリッド）,MXPH10型/MXPH15型（2021年-2023年） ジュニアシートなし
長尾５丁目クレールＩＤＡ,神奈川県川崎市多摩区長尾5-1,ミドル,CX-30 2000（M-ハイブリッド）,ジュニアシートなし
長尾５丁目ボヌール駐車場,神奈川県川崎市多摩区長尾5-3,ベーシック,ソリオ,ジュニアシートなし
長尾５丁目清風苑,神奈川県川崎市多摩区長尾5-20,ベーシック,スイフト(ハイブリッド/1200cc),
ＧＩＮＺＡ　ＦＯＲＥＳＴ月極,神奈川県川崎市多摩区登戸 2092,ベーシック,ノート e-POWER,
ＬＯＣ’Ｓ　ＩＫＵＴＡ駐車場,神奈川県川崎市多摩区生田7-3,ベーシック,アクア（ハイブリッド）,
ＵＲコンフォール菅仙谷,神奈川県川崎市多摩区菅仙谷2-9,ベーシック,MAZDA2,DJ型（2019年-2023年） ジュニアシートなし
ＵＲコンフォール菅仙谷,神奈川県川崎市多摩区菅仙谷2-9,ベーシック,ソリオ,
ＵＲコンフォール菅仙谷,神奈川県川崎市多摩区菅仙谷2-9,ベーシック,ヤリス（ハイブリッド）,
いなげや川崎宮前平駅前店３階（タイムズ内,神奈川県川崎市宮前区小台2-2,ベーシック,ライズ,A200A型（2019年-2021年） ジュニアシートなし
いなげや川崎宮前平駅前店３階（タイムズ内,神奈川県川崎市宮前区小台2-2,ミドル,CX-30 2000（M-ハイブリッド）,ジュニアシートなし
アルファ鷺沼,神奈川県川崎市宮前区鷺沼4-1,ベーシック,ルークス,ジュニアシートなし
アルファ鷺沼,神奈川県川崎市宮前区鷺沼4-1,ベーシック,MAZDA2,DJ型（2019年-2023年）
アルファ鷺沼,神奈川県川崎市宮前区鷺沼4-1,ベーシック,アクア（ハイブリッド）,ジュニアシートなし
アルファ鷺沼,神奈川県川崎市宮前区鷺沼4-1,ベーシック,ヤリス（ハイブリッド）,MXPH10型/MXPH15型（2021年-2023年）
コムフル宮前平,神奈川県川崎市宮前区土橋6-3,ベーシック,MAZDA2,DJ型（2019年-2023年）
コムフル宮前平,神奈川県川崎市宮前区土橋6-3,ベーシック,ライズ,A200A型（2019年-2021年）
タイムズフロンタウンさぎぬま第２,神奈川県川崎市宮前区土橋3-1,ミドル,シエンタ,NSP170G型/NCP175G型（2015年-2022年） ジュニアシートなし
タイムズマンスリー鷺沼小台１丁目第２,神奈川県川崎市宮前区小台1-12,ベーシック,アクア（ハイブリッド）,ジュニアシートなし
タイムズマンスリー鷺沼小台１丁目第２,神奈川県川崎市宮前区小台1-12,ベーシック,オーラ e-POWER,ジュニアシートなし
タイムズマンスリー鷺沼小台１丁目第２,神奈川県川崎市宮前区小台1-12,ベーシック,ソリオ,
タイムズマンスリー鷺沼小台１丁目第２,神奈川県川崎市宮前区小台1-12,ベーシック,ソリオ,ジュニアシートなし
タイムズマンスリー鷺沼小台１丁目第２,神奈川県川崎市宮前区小台1-12,ベーシック,フィット（ハイブリッド）,ジュニアシートなし
タイムズマンスリー鷺沼小台１丁目第２,神奈川県川崎市宮前区小台1-12,ベーシック,ヤリス（ハイブリッド）,MXPH10型/MXPH15型（2021年-2023年） ジュニアシートなし
タイムズマンスリー鷺沼小台１丁目第２,神奈川県川崎市宮前区小台1-12,ミドル,シエンタ,NSP170G型/NCP175G型（2015年-2022年） ジュニアシートなし
タイムズマンスリー鷺沼小台１丁目第２,神奈川県川崎市宮前区小台1-12,ミドル,シエンタ（ハイブリッド）,ジュニアシートなし
タイムズマンスリー鷺沼小台１丁目第２,神奈川県川崎市宮前区小台1-12,ミドル,C-HR（ハイブリッド）,
タイムズマンスリー鷺沼小台１丁目第２,神奈川県川崎市宮前区小台1-12,プレミアム,ノア,R80型（2014年-2022年） 車両のトラブル、事故、無断延長などでご利用いただけない場合、同一車種での代替車両がご提供できません。あらかじめご了承ください。ジュニアシートなし
タイムズ宮前土橋２丁目,神奈川県川崎市宮前区土橋2-7,ベーシック,ルークス,ジュニアシートなし
タイムズ宮前土橋２丁目,神奈川県川崎市宮前区土橋2-7,ベーシック,ワゴンRスマイル 660,ジュニアシートなし
タイムズ宮前小台,神奈川県川崎市宮前区小台2-17,ベーシック,アクア（ハイブリッド）,ジュニアシートなし
タイムズ宮前小台,神奈川県川崎市宮前区小台2-17,ベーシック,ノート e-POWER,ジュニアシートなし
タイムズ宮前小台,神奈川県川崎市宮前区小台2-17,ベーシック,ノート e-POWER,ジュニアシートなし
タイムズ宮前小台,神奈川県川崎市宮前区小台2-17,ベーシック,ヤリスクロス（ハイブリッド）,ジュニアシートなし
タイムズ宮前小台,神奈川県川崎市宮前区小台2-17,ミドル,シエンタ,NSP170G型/NCP175G型（2015年-2022年） ジュニアシートなし
タイムズ宮前小台,神奈川県川崎市宮前区小台2-17,ミドル,シエンタ（ハイブリッド）,ジュニアシートなし
タイムズ宮前小台,神奈川県川崎市宮前区小台2-17,ミドル,C-HR（ハイブリッド）,ジュニアシートなし
タイムズ宮前小台,神奈川県川崎市宮前区小台2-17,プレミアム,ノア（ハイブリッド）,車両のトラブル、事故、無断延長などでご利用いただけない場合、同一車種での代替車両がご提供できません。あらかじめご了承ください。ジュニアシートなし
タイムズ宮前平第３,神奈川県川崎市宮前区宮前平1-8,ベーシック,アクア（ハイブリッド）,
タイムズ宮前平第３,神奈川県川崎市宮前区宮前平1-8,ベーシック,アクア（ハイブリッド）,ジュニアシートなし
タイムズ宮前平第３,神奈川県川崎市宮前区宮前平1-8,ベーシック,アクア（ハイブリッド）,ジュニアシートなし
タイムズ宮前平第３,神奈川県川崎市宮前区宮前平1-8,ベーシック,ソリオ,ジュニアシートなし
タイムズ宮前平第３,神奈川県川崎市宮前区宮前平1-8,ベーシック,ノート e-POWER,ジュニアシートなし
タイムズ宮前平第３,神奈川県川崎市宮前区宮前平1-8,ベーシック,ヤリス（ハイブリッド）,MXPH10型/MXPH15型（2021年-2023年） ジュニアシートなし
タイムズ宮前平第３,神奈川県川崎市宮前区宮前平1-8,ベーシック,ライズ,A200A型（2019年-2021年） ジュニアシートなし
タイムズ宮前平第３,神奈川県川崎市宮前区宮前平1-8,ベーシック,ライズ,A200A型（2019年-2021年） ジュニアシートなし
タイムズ宮前平第３,神奈川県川崎市宮前区宮前平1-8,ミドル,シエンタ（ハイブリッド）,ジュニアシートなし
タイムズ宮前平第３,神奈川県川崎市宮前区宮前平1-8,ミドル,フリード,ジュニアシートなし
タイムズ宮前平第３,神奈川県川崎市宮前区宮前平1-8,プレミアム,ノア（ハイブリッド）,車両のトラブル、事故、無断延長などでご利用いただけない場合、同一車種での代替車両がご提供できません。あらかじめご了承ください。ジュニアシートなし
タイムズ宮前平駅前第５,神奈川県川崎市宮前区小台2,ベーシック,アクア（ハイブリッド）,ジュニアシートなし
タイムズ宮前犬蔵,神奈川県川崎市宮前区犬蔵2-12,ベーシック,N BOX,
タイムズ宮前犬蔵,神奈川県川崎市宮前区犬蔵2-12,ベーシック,ノート e-POWER,
タイムズ宮前犬蔵,神奈川県川崎市宮前区犬蔵2-12,ベーシック,ヤリス（ハイブリッド）,MXPH10型/MXPH15型（2021年-2023年）
タイムズ宮前犬蔵第２,神奈川県川崎市宮前区犬蔵2-8,ベーシック,ヤリスクロス（ハイブリッド）,
タイムズ有馬１丁目,神奈川県川崎市宮前区有馬1-7,ベーシック,アクア（ハイブリッド）,NHP10型（2011年-2021年）
タイムズ有馬１丁目,神奈川県川崎市宮前区有馬1-7,ベーシック,MAZDA3 5HB 1500,ジュニアシートなし
タイムズ有馬４丁目,神奈川県川崎市宮前区有馬4-18,ベーシック,ヤリス（ハイブリッド）,MXPH10型/MXPH15型（2021年-2023年）
タイムズ有馬８丁目,神奈川県川崎市宮前区有馬8-25,ベーシック,スイフト,ジュニアシートなし
タイムズ有馬８丁目,神奈川県川崎市宮前区有馬8-25,ベーシック,ヤリスクロス（ハイブリッド）,ジュニアシートなし
タイムズ有馬８丁目,神奈川県川崎市宮前区有馬8-25,プレミアム,ノア（ハイブリッド）,車両のトラブル、事故、無断延長などでご利用いただけない場合、同一車種での代替車両がご提供できません。あらかじめご了承ください。ジュニアシートなし
タイムズ東有馬第３,神奈川県川崎市宮前区東有馬4-19,ベーシック,MAZDA2,DJ型（2019年-2023年） ジュニアシートなし
タイムズ東有馬第３,神奈川県川崎市宮前区東有馬4-19,ベーシック,ライズ,A200A型（2019年-2021年） ジュニアシートなし
タイムズ神木本町,神奈川県川崎市宮前区神木本町1-9,ベーシック,アクア（ハイブリッド）,NHP10型（2011年-2021年）
タイムズ鷺沼サンモール商店街,神奈川県川崎市宮前区小台1-19,ベーシック,ノート e-POWER,ジュニアシートなし
タイムズ鷺沼サンモール商店街,神奈川県川崎市宮前区小台1-19,ベーシック,ライズ,A200A型（2019年-2021年） ジュニアシートなし
タイムズ鷺沼第３,神奈川県川崎市宮前区土橋3-3,ベーシック,ウェイク,ジュニアシートなし
タマプラーザアイル犬蔵,神奈川県川崎市宮前区犬蔵3-8,ベーシック,アクア（ハイブリッド）,
ドムール鷺沼,神奈川県川崎市宮前区有馬1-1,ベーシック,ノート e-POWER,ジュニアシートなし
ドレッセ鷺沼レジデンス,神奈川県川崎市宮前区鷺沼1,ベーシック,アクア（ハイブリッド）,ジュニアシートなし
ニューウェル鷺沼,神奈川県川崎市宮前区鷺沼1-18,ベーシック,フィット（ハイブリッド）,ジュニアシートなし
ニューウェル鷺沼,神奈川県川崎市宮前区鷺沼1-18,ベーシック,ヤリス（ハイブリッド）,MXPH10型/MXPH15型（2021年-2023年） ジュニアシートなし
ニューウェル鷺沼,神奈川県川崎市宮前区鷺沼1-18,ベーシック,ヤリス（ハイブリッド）,MXPH10型/MXPH15型（2021年-2023年） ジュニアシートなし
ニューウェル鷺沼,神奈川県川崎市宮前区鷺沼1-18,ベーシック,MAZDA3 5HB 1500,
ビレッジハウス向ヶ丘５号棟,神奈川県川崎市宮前区初山2-27,ベーシック,ヤリスクロス（ハイブリッド）,ジュニアシートなし
フェリシア宮崎台,神奈川県川崎市宮前区宮崎103,ベーシック,MAZDA2,DJ型（2019年-2023年）
フェリス宮前平２駐車場,神奈川県川崎市宮前区小台2-8　フェリス宮前平Ⅱ,ベーシック,ルークス,ジュニアシートなし
プラウド宮前平マークス,神奈川県川崎市宮前区小台2-6,ベーシック,MAZDA2,ジュニアシートなし
ヴィラ鷺沼,神奈川県川崎市宮前区土橋2-10,ベーシック,ソリオ,ジュニアシートなし
ヴィラ鷺沼,神奈川県川崎市宮前区土橋2-10,ベーシック,ノート e-POWER,ジュニアシートなし
ヴィラ鷺沼,神奈川県川崎市宮前区土橋2-10,ベーシック,ヤリス（ハイブリッド）,MXPH10型/MXPH15型（2021年-2023年） ジュニアシートなし
吉兆東名川崎店,神奈川県川崎市宮前区犬蔵1-8,ベーシック,MAZDA2,DJ型（2019年-2023年）
吉兆東名川崎店,神奈川県川崎市宮前区犬蔵1-8,ベーシック,フィット（ハイブリッド）,
吉兆東名川崎店,神奈川県川崎市宮前区犬蔵1-8,ミドル,シエンタ,NSP170G型/NCP175G型（2015年-2022年） ジュニアシートなし
吉田駐車場,神奈川県川崎市宮前区宮崎2-3,ベーシック,フィット（ハイブリッド）,ジュニアシートなし
宮前区南野川２丁目,神奈川県川崎市宮前区南野川2-28,ベーシック,ライズ,A200A型（2019年-2021年）
宮前区宮崎,神奈川県川崎市宮前区宮崎152,ベーシック,MAZDA2,ジュニアシートなし
宮前区神木２丁目,神奈川県川崎市宮前区神木2-15,ベーシック,ヤリス（ハイブリッド）,ジュニアシートなし
宮前平２丁目,神奈川県川崎市宮前区宮前平2-3,ベーシック,ルークス,ジュニアシートなし
宮前月極駐車場,神奈川県川崎市宮前区土橋5-6,ベーシック,ノート e-POWER,ジュニアシートなし
宮崎台第２月極,神奈川県川崎市宮前区宮崎 285,ベーシック,アクア（ハイブリッド）,
宮崎台第２月極,神奈川県川崎市宮前区宮崎 285,ベーシック,ノート e-POWER,
宮崎台第２月極,神奈川県川崎市宮前区宮崎 285,ミドル,シエンタ,NSP170G型/NCP175G型（2015年-2022年）
宮崎台第２月極,神奈川県川崎市宮前区宮崎 285,プレミアム,ノア,R80型（2014年-2022年） 車両のトラブル、事故、無断延長などでご利用いただけない場合、同一車種での代替車両がご提供できません。あらかじめご了承ください。
宮崎台第６月極,神奈川県川崎市宮前区宮崎2-13,ベーシック,ヤリスクロス（ハイブリッド）,
宮崎台駅前第２月極,神奈川県川崎市宮前区宮崎2-11,ベーシック,アクア（ハイブリッド）,ジュニアシートなし
宮崎台駅前第２月極,神奈川県川崎市宮前区宮崎2-11,ベーシック,ヤリス（ハイブリッド）,MXPH10型/MXPH15型（2021年-2023年）
宮崎台駅月極駐車場,神奈川県川崎市宮前区宮崎2,ベーシック,アクア（ハイブリッド）,ジュニアシートなし
宮崎台駅月極駐車場,神奈川県川崎市宮前区宮崎2,ベーシック,ノート e-POWER,ジュニアシートなし
宮崎台駅月極駐車場,神奈川県川崎市宮前区宮崎2,ベーシック,ヤリス（ハイブリッド）,MXPH10型/MXPH15型（2021年-2023年） ジュニアシートなし
宮崎台駅月極駐車場,神奈川県川崎市宮前区宮崎2,ベーシック,ライズ,A200A型（2019年-2021年）
宮崎１丁目駐車場,神奈川県川崎市宮前区宮崎1-8,ベーシック,アクア（ハイブリッド）,
尾幡宮崎台駐車場,神奈川県川崎市宮前区宮崎279,ベーシック,アクア（ハイブリッド）,ジュニアシートなし
尾幡宮崎台駐車場,神奈川県川崎市宮前区宮崎279,ベーシック,ソリオ,ジュニアシートなし
尾幡宮崎台駐車場,神奈川県川崎市宮前区宮崎279,ベーシック,ノート e-POWER,ジュニアシートなし
川崎宮崎第２月極,神奈川県川崎市宮前区宮崎 132,ベーシック,ヤリス（ハイブリッド）,MXPH10型/MXPH15型（2021年-2023年）
川崎宮崎第２月極,神奈川県川崎市宮前区宮崎 132,ベーシック,ヤリス（ハイブリッド）,MXPH10型/MXPH15型（2021年-2023年） ジュニアシートなし
川崎宮崎第２月極,神奈川県川崎市宮前区宮崎 132,ベーシック,ヤリス（ハイブリッド）,MXPH10型/MXPH15型（2021年-2023年）
川崎宮崎第２月極,神奈川県川崎市宮前区宮崎 132,プレミアム,ノア,R80型（2014年-2022年） 車両のトラブル、事故、無断延長などでご利用いただけない場合、同一車種での代替車両がご提供できません。あらかじめご了承ください。
川崎宮崎５丁目月極,神奈川県川崎市宮前区宮崎5-10,ベーシック,ヤリス（ハイブリッド）,MXPH10型/MXPH15型（2021年-2023年）
平１丁目月極,神奈川県川崎市宮前区平1-1,ベーシック,ノート e-POWER,
平１丁目１番駐車場,神奈川県川崎市宮前区平1-1,プレミアム,セレナ,車両のトラブル、事故、無断延長などでご利用いただけない場合、同一車種での代替車両がご提供できません。あらかじめご了承ください。ジュニアシートなし
新有馬交差点,神奈川県川崎市宮前区有馬8-5,ベーシック,ヤリス（ハイブリッド）,MXPH10型/MXPH15型（2021年-2023年） ジュニアシートなし
有馬７丁目月極,神奈川県川崎市宮前区有馬7-12,ミドル,CX-30 2000（M-ハイブリッド）,
犬蔵駐車場,神奈川県川崎市宮前区犬蔵2-29,ベーシック,ノート e-POWER,
犬蔵駐車場,神奈川県川崎市宮前区犬蔵2-29,ベーシック,ノート e-POWER,
犬蔵駐車場,神奈川県川崎市宮前区犬蔵2-29,ベーシック,ヤリスクロス（ハイブリッド）,
神木１丁目月極,神奈川県川崎市宮前区神木1-3,ベーシック,オーラ e-POWER,ジュニアシートなし
第１大久保駐車場土橋６丁目,神奈川県川崎市宮前区土橋6-6,ベーシック,アクア（ハイブリッド）,
第１大久保駐車場土橋６丁目,神奈川県川崎市宮前区土橋6-6,ベーシック,ヤリス（ハイブリッド）,MXPH10型/MXPH15型（2021年-2023年）
第１大久保駐車場土橋６丁目,神奈川県川崎市宮前区土橋6-6,ベーシック,ライズ,A200A型（2019年-2021年）
馬絹月極駐車場,神奈川県川崎市宮前区馬絹1-6,ベーシック,ルークス,ジュニアシートなし
馬絹月極駐車場,神奈川県川崎市宮前区馬絹1-6,ベーシック,アクア（ハイブリッド）,
馬絹月極駐車場,神奈川県川崎市宮前区馬絹1-6,ベーシック,アクア（ハイブリッド）,
馬絹月極駐車場,神奈川県川崎市宮前区馬絹1-6,ベーシック,ソリオ,
馬絹月極駐車場,神奈川県川崎市宮前区馬絹1-6,ベーシック,ノート e-POWER,
馬絹月極駐車場,神奈川県川崎市宮前区馬絹1-6,ベーシック,フィット（ハイブリッド）,ジュニアシートなし
馬絹月極駐車場,神奈川県川崎市宮前区馬絹1-6,ベーシック,フィット（ハイブリッド）,ジュニアシートなし
馬絹月極駐車場,神奈川県川崎市宮前区馬絹1-6,ベーシック,ヤリス（ハイブリッド）,MXPH10型/MXPH15型（2021年-2023年）
馬絹月極駐車場,神奈川県川崎市宮前区馬絹1-6,ベーシック,ヤリス（ハイブリッド）,MXPH10型/MXPH15型（2021年-2023年）
馬絹月極駐車場,神奈川県川崎市宮前区馬絹1-6,ベーシック,ヤリスクロス（ハイブリッド）,
馬絹月極駐車場,神奈川県川崎市宮前区馬絹1-6,ベーシック,ライズ,A200A型（2019年-2021年） ジュニアシートなし
馬絹月極駐車場,神奈川県川崎市宮前区馬絹1-6,ミドル,フリード,ジュニアシートなし
馬絹月極駐車場,神奈川県川崎市宮前区馬絹1-6,プレミアム,ノア（ハイブリッド）,車両のトラブル、事故、無断延長などでご利用いただけない場合、同一車種での代替車両がご提供できません。あらかじめご了承ください。
馬絹月極駐車場,神奈川県川崎市宮前区馬絹1-6,プレミアム,ノア（ハイブリッド）,車両のトラブル、事故、無断延長などでご利用いただけない場合、同一車種での代替車両がご提供できません。あらかじめご了承ください。ジュニアシートなし
鷺沼月極駐車場,神奈川県川崎市宮前区小台1-19,ベーシック,ワゴンRスマイル 660,ジュニアシートなし
鷺沼月極駐車場,神奈川県川崎市宮前区小台1-19,ベーシック,アクア（ハイブリッド）,ジュニアシートなし
鷺沼月極駐車場,神奈川県川崎市宮前区小台1-19,ベーシック,アクア（ハイブリッド）,NHP10型（2011年-2021年） ジュニアシートなし
鷺沼月極駐車場,神奈川県川崎市宮前区小台1-19,ベーシック,フィット（ハイブリッド）,ジュニアシートなし
鷺沼月極駐車場,神奈川県川崎市宮前区小台1-19,ベーシック,ヤリス（ハイブリッド）,MXPH10型/MXPH15型（2021年-2023年）
鷺沼月極駐車場,神奈川県川崎市宮前区小台1-19,ベーシック,ヤリス（ハイブリッド）,MXPH10型/MXPH15型（2021年-2023年） ジュニアシートなし
鷺沼１丁目,神奈川県川崎市宮前区鷺沼1-3,ベーシック,ルーミー 1000,ジュニアシートなし
鷺沼２丁目,神奈川県川崎市宮前区鷺沼2-4,ベーシック,MAZDA2,DJ型（2019年-2023年） ジュニアシートなし
鷺沼２丁目,神奈川県川崎市宮前区鷺沼2-4,ベーシック,ノート,ジュニアシートなし
鷺沼２丁目,神奈川県川崎市宮前区鷺沼2-4,ベーシック,ヤリス（ハイブリッド）,MXPH10型/MXPH15型（2021年-2023年） ジュニアシートなし
鷺沼２丁目,神奈川県川崎市宮前区鷺沼2-4,ベーシック,ライズ,A200A型（2019年-2021年） ジュニアシートなし
鷺沼２丁目,神奈川県川崎市宮前区鷺沼2-4,ミドル,シエンタ（ハイブリッド）,ジュニアシートなし
Ｔ’ｓ　ｇａｒｄｅｎ宮崎台,神奈川県川崎市宮前区宮崎3,ベーシック,ワゴンRスマイル 660,
はるひ野５丁目駐車場,神奈川県川崎市麻生区はるひ野5-4,ベーシック,アクア（ハイブリッド）,
はるひ野５丁目駐車場,神奈川県川崎市麻生区はるひ野5-4,ベーシック,フィット,ジュニアシートなし
ザ・テラスコート英,神奈川県川崎市麻生区岡上 299,ベーシック,アクア（ハイブリッド）,
ザ・テラスコート英,神奈川県川崎市麻生区岡上 299,ベーシック,アクア（ハイブリッド）,
ジュネス百合ヶ丘,神奈川県川崎市麻生区高石1-8,プレミアム,セレナ,車両のトラブル、事故、無断延長などでご利用いただけない場合、同一車種での代替車両がご提供できません。あらかじめご了承ください。ジュニアシートなし
タイムズポート新百合ケ丘駅前,神奈川県川崎市麻生区万福寺1-13,ベーシック,ワゴンRスマイル 660,
タイムズポート新百合ケ丘駅前,神奈川県川崎市麻生区万福寺1-13,ベーシック,ヤリスクロス（ハイブリッド）,
タイムズポート新百合ケ丘駅前,神奈川県川崎市麻生区万福寺1-13,ベーシック,ライズ,A200A型（2019年-2021年）
タイムズポート新百合ケ丘駅前,神奈川県川崎市麻生区万福寺1-13,ミドル,プリウス（ハイブリッド）,ジュニアシートなし
タイムズポート新百合ケ丘駅前,神奈川県川崎市麻生区万福寺1-13,ミドル,シエンタ,NSP170G型/NCP175G型（2015年-2022年）
タイムズポート新百合ケ丘駅前,神奈川県川崎市麻生区万福寺1-13,ミドル,シエンタ（ハイブリッド）,
タイムズポート新百合ケ丘駅前,神奈川県川崎市麻生区万福寺1-13,ミドル,フリード,
タイムズポート新百合ケ丘駅前,神奈川県川崎市麻生区万福寺1-13,ミドル,CX-30 2000,ジュニアシートなし
タイムズポート新百合ケ丘駅前,神奈川県川崎市麻生区万福寺1-13,プレミアム,セレナ,車両のトラブル、事故、無断延長などでご利用いただけない場合、同一車種での代替車両がご提供できません。あらかじめご了承ください。
タイムズポート新百合ケ丘駅前,神奈川県川崎市麻生区万福寺1-13,プレミアム,ノア,R80型（2014年-2022年） 車両のトラブル、事故、無断延長などでご利用いただけない場合、同一車種での代替車両がご提供できません。あらかじめご了承ください。
タイムズポート新百合ケ丘駅前,神奈川県川崎市麻生区万福寺1-13,プレミアム,ノア（ハイブリッド）,車両のトラブル、事故、無断延長などでご利用いただけない場合、同一車種での代替車両がご提供できません。あらかじめご了承ください。
タイムズ上麻生３丁目,神奈川県川崎市麻生区上麻生3-10,ベーシック,MAZDA2,DJ型（2019年-2023年） ジュニアシートなし
タイムズ上麻生３丁目,神奈川県川崎市麻生区上麻生3-10,ベーシック,ヤリス（ハイブリッド）,MXPH10型/MXPH15型（2021年-2023年） ジュニアシートなし
タイムズ上麻生３丁目,神奈川県川崎市麻生区上麻生3-10,ベーシック,MAZDA3 5HB 1500,ジュニアシートなし
タイムズ上麻生３丁目,神奈川県川崎市麻生区上麻生3-10,ミドル,シエンタ（ハイブリッド）,ジュニアシートなし
タイムズ上麻生３丁目,神奈川県川崎市麻生区上麻生3-10,ミドル,CX-30 2000（M-ハイブリッド）,ジュニアシートなし
タイムズ新ゆりグリーンプラザ商店街,神奈川県川崎市麻生区白山4-1,ベーシック,MAZDA2,DJ型（2019年-2023年） ジュニアシートなし
タイムズ王禅寺東,神奈川県川崎市麻生区王禅寺東3-31,ベーシック,ノート e-POWER,
タイムズ百合丘３丁目,神奈川県川崎市麻生区百合丘3-19,ベーシック,ヤリス（ハイブリッド）,MXPH10型/MXPH15型（2021年-2023年）
タイムズ鶴川駅前第４,神奈川県川崎市麻生区岡上16,ベーシック,ライズ,A200A型（2019年-2021年）
パーキング・エムユー上麻生,神奈川県川崎市麻生区上麻生7-27,ベーシック,ヤリスクロス（ハイブリッド）,
ヒルサイドパレス新百合,神奈川県川崎市麻生区千代ケ丘1-20,ベーシック,アクア（ハイブリッド）,ジュニアシートなし
ヒルサイドパレス新百合,神奈川県川崎市麻生区千代ケ丘1-20,ベーシック,ノート e-POWER,ジュニアシートなし
ベベルスペース,神奈川県川崎市麻生区栗平2-15,ベーシック,ハスラー,ジュニアシートなし
ベベルスペース,神奈川県川崎市麻生区栗平2-15,ベーシック,ハスラー,
ベル・ルワン,神奈川県川崎市麻生区五力田 446,ベーシック,ヤリス（ハイブリッド）,MXPH10型/MXPH15型（2021年-2023年）
リュミエ栗平,神奈川県川崎市麻生区栗平1-1,ベーシック,アクア（ハイブリッド）,ジュニアシートなし
五月台駐車場（小田急）,神奈川県川崎市麻生区五力田3-18,ベーシック,スイフト,
五月台駐車場（小田急）,神奈川県川崎市麻生区五力田3-18,ベーシック,ノート e-POWER,
五月台駐車場（小田急）,神奈川県川崎市麻生区五力田3-18,ミドル,シエンタ（ハイブリッド）,
千代ケ丘１丁目,神奈川県川崎市麻生区千代ケ丘1-2　第八旭マンション月極駐車場内,ベーシック,ライズ,A200A型（2019年-2021年）
小田急五月台第３駐車場（小田急）,神奈川県川崎市麻生区五力田1-19,ミドル,フリード,ジュニアシートなし
小田急五月台第３駐車場（小田急）,神奈川県川崎市麻生区五力田1-19,プレミアム,ノア,R80型（2014年-2022年） 車両のトラブル、事故、無断延長などでご利用いただけない場合、同一車種での代替車両がご提供できません。あらかじめご了承ください。
岡上４丁目リリエンハイム,神奈川県川崎市麻生区岡上4-6,ベーシック,アクア（ハイブリッド）,ジュニアシートなし
岡上４丁目リリエンハイム,神奈川県川崎市麻生区岡上4-6,ベーシック,ノート e-POWER,
岡上４丁目リリエンハイム,神奈川県川崎市麻生区岡上4-6,ベーシック,ヤリス（ハイブリッド）,MXPH10型/MXPH15型（2021年-2023年）
新百合ヶ丘駅北口駐車場（小田急）,神奈川県川崎市麻生区万福寺1-17,ベーシック,N BOX,ジュニアシートなし
新百合ヶ丘駅北口駐車場（小田急）,神奈川県川崎市麻生区万福寺1-17,ベーシック,ハスラー,ジュニアシートなし
新百合ヶ丘駅北口駐車場（小田急）,神奈川県川崎市麻生区万福寺1-17,ベーシック,ハスラー,
新百合ヶ丘駅北口駐車場（小田急）,神奈川県川崎市麻生区万福寺1-17,ベーシック,ルークス,
新百合ヶ丘駅北口駐車場（小田急）,神奈川県川崎市麻生区万福寺1-17,ベーシック,ワゴンRスマイル 660,ジュニアシートなし
新百合ヶ丘駅北口駐車場（小田急）,神奈川県川崎市麻生区万福寺1-17,ベーシック,アクア（ハイブリッド）,
新百合ヶ丘駅北口駐車場（小田急）,神奈川県川崎市麻生区万福寺1-17,ベーシック,アクア（ハイブリッド）,ジュニアシートなし
新百合ヶ丘駅北口駐車場（小田急）,神奈川県川崎市麻生区万福寺1-17,ベーシック,アクア（ハイブリッド）,
新百合ヶ丘駅北口駐車場（小田急）,神奈川県川崎市麻生区万福寺1-17,ベーシック,ノート,
新百合ヶ丘駅北口駐車場（小田急）,神奈川県川崎市麻生区万福寺1-17,ベーシック,ノート,
新百合ヶ丘駅北口駐車場（小田急）,神奈川県川崎市麻生区万福寺1-17,ベーシック,ノート e-POWER,
新百合ヶ丘駅北口駐車場（小田急）,神奈川県川崎市麻生区万福寺1-17,ベーシック,ノート e-POWER,ジュニアシートなし
新百合ヶ丘駅北口駐車場（小田急）,神奈川県川崎市麻生区万福寺1-17,ベーシック,ノート e-POWER,
新百合ヶ丘駅北口駐車場（小田急）,神奈川県川崎市麻生区万福寺1-17,ベーシック,フィット,
新百合ヶ丘駅北口駐車場（小田急）,神奈川県川崎市麻生区万福寺1-17,ベーシック,ヤリス（ハイブリッド）,MXPH10型/MXPH15型（2021年-2023年）
新百合ヶ丘駅北口駐車場（小田急）,神奈川県川崎市麻生区万福寺1-17,ベーシック,ヤリス（ハイブリッド）,MXPH10型/MXPH15型（2021年-2023年） ジュニアシートなし
新百合ヶ丘駅北口駐車場（小田急）,神奈川県川崎市麻生区万福寺1-17,ベーシック,ヤリス（ハイブリッド）,MXPH10型/MXPH15型（2021年-2023年）
新百合ヶ丘駅北口駐車場（小田急）,神奈川県川崎市麻生区万福寺1-17,ベーシック,ヤリス（ハイブリッド）,MXPH10型/MXPH15型（2021年-2023年）
新百合ヶ丘駅北口駐車場（小田急）,神奈川県川崎市麻生区万福寺1-17,ベーシック,ルーミー 1000,ジュニアシートなし
新百合ヶ丘駅北口駐車場（小田急）,神奈川県川崎市麻生区万福寺1-17,ベーシック,ライズ,A200A型（2019年-2021年）
新百合ヶ丘駅南口駐車場,神奈川県川崎市麻生区上麻生1-17,ベーシック,ウェイク,
新百合ヶ丘駅南口駐車場,神奈川県川崎市麻生区上麻生1-17,ベーシック,ワゴンRスマイル 660,
新百合ヶ丘駅南口駐車場,神奈川県川崎市麻生区上麻生1-17,ベーシック,アクア（ハイブリッド）,
柿生川戸駐車場,神奈川県川崎市麻生区上麻生6-9,ベーシック,ソリオ,
柿生川戸駐車場,神奈川県川崎市麻生区上麻生6-9,ベーシック,ヤリス（ハイブリッド）,MXPH10型/MXPH15型（2021年-2023年）
柿生駅月極,神奈川県川崎市麻生区上麻生5-38,ベーシック,MAZDA2,DJ型（2019年-2023年）
柿生駅月極,神奈川県川崎市麻生区上麻生5-38,ベーシック,ヤリス（ハイブリッド）,MXPH10型/MXPH15型（2021年-2023年）
栗平Ｋ．Ｉ第３駐車場,神奈川県川崎市麻生区栗木台1-4,ベーシック,ヤリスクロス（ハイブリッド）,ジュニアシートなし
栗平Ｋ．Ｉ第３駐車場,神奈川県川崎市麻生区栗木台1-4,プレミアム,ノア（ハイブリッド）,車両のトラブル、事故、無断延長などでご利用いただけない場合、同一車種での代替車両がご提供できません。あらかじめご了承ください。
片平１丁目葉積駐車場,神奈川県川崎市麻生区片平1-13,ベーシック,ヤリス（ハイブリッド）,ジュニアシートなし
王禅寺ラフィリア,神奈川県川崎市麻生区王禅寺西8-17,ベーシック,ノート e-POWER,
王禅寺月極,神奈川県川崎市麻生区王禅寺西7-27,ベーシック,スイフト,ジュニアシートなし
王禅寺月極,神奈川県川崎市麻生区王禅寺西7-27,ベーシック,フィット,
王禅寺月極,神奈川県川崎市麻生区王禅寺西7-27,ベーシック,ヤリス（ハイブリッド）,ジュニアシートなし
百合ヶ丘コートビレッジ,神奈川県川崎市麻生区百合丘3-24,ベーシック,ソリオ,ジュニアシートなし
百合ヶ丘月極,神奈川県川崎市麻生区高石1-21,ベーシック,ルーミー 1000,
百合丘東側月極,神奈川県川崎市麻生区百合丘1-3,ベーシック,N BOX,ジュニアシートなし
百合丘池尻第３駐車場,神奈川県川崎市麻生区百合丘2-18,ベーシック,アクア（ハイブリッド）,
高石３丁目ラ・ソワレ駐車場,神奈川県川崎市麻生区高石3-35,ベーシック,ヤリス（ハイブリッド）,MXPH10型/MXPH15型（2021年-2023年）
高石３丁目ラ・ソワレ駐車場,神奈川県川崎市麻生区高石3-35,ミドル,シエンタ,NSP170G型/NCP175G型（2015年-2022年）
高石３丁目大塚第２駐車場,神奈川県川崎市麻生区高石3-7,ミドル,シエンタ（ハイブリッド）,
高石４丁目ティアイヒルズ,神奈川県川崎市麻生区高石4-16,ベーシック,ノート e-POWER,ジュニアシートなし
高石４丁目ティアイヒルズ,神奈川県川崎市麻生区高石4-16,ベーシック,ノート e-POWER,
麻生区ヴィラ・オオニシ駐車場,神奈川県川崎市麻生区千代ケ丘7-5,ベーシック,ソリオ,ジュニアシートなし
ＵＲサンラフレ百合ヶ丘,神奈川県川崎市麻生区百合丘1-16,ベーシック,アクア（ハイブリッド）,
ＵＲサンラフレ百合ヶ丘,神奈川県川崎市麻生区百合丘1-16,ベーシック,ヤリスクロス（ハイブリッド）,
ＵＲサンラフレ百合ヶ丘,神奈川県川崎市麻生区百合丘1-16,ミドル,シエンタ（ハイブリッド）,
ＵＲ虹ヶ丘,神奈川県川崎市麻生区虹ケ丘2,ベーシック,ソリオ,ジュニアシートなし
ＵＲ虹ヶ丘,神奈川県川崎市麻生区虹ケ丘2,ベーシック,ヤリス（ハイブリッド）,MXPH10型/MXPH15型（2021年-2023年） ジュニアシートなし
